Time,ID,Grade,A,B,C,D,F,N
2020-02-26 07:02:12,001020,N,0.00,0.00,0.00,0.00,0.00,0.99
2020-02-26 07:51:56,001021,B,0.07,0.59,0.17,0.16,0.01,0.00
2020-02-26 07:56:02,001022,A,1.00,0.00,0.00,0.00,0.00,0.00
2020-02-26 08:00:34,001023,B,0.05,0.62,0.23,0.09,0.01,0.00
2020-02-26 08:18:03,001024,A,0.33,0.30,0.29,0.07,0.01,0.00
2020-02-26 08:25:18,001025,C,0.00,0.07,0.72,0.11,0.10,0.00
2020-02-26 08:28:31,001026,B,0.11,0.77,0.06,0.05,0.01,0.00
2020-02-26 08:41:19,001027,A,0.86,0.10,0.01,0.02,0.00,0.00
2020-02-26 08:41:28,001028,A,0.84,0.14,0.01,0.00,0.00,0.00
2020-02-26 08:52:25,001029,A,0.96,0.03,0.01,0.00,0.00,0.00
2020-02-26 08:58:16,001030,B,0.05,0.52,0.38,0.05,0.01,0.00
2020-02-26 09:02:54,001031,A,0.96,0.04,0.00,0.00,0.00,0.00
2020-02-26 09:03:50,001032,A,0.93,0.05,0.00,0.00,0.00,0.00
2020-02-26 09:05:00,001033,A,0.72,0.12,0.04,0.11,0.01,0.00
2020-02-26 09:05:59,001034,A,0.90,0.06,0.03,0.01,0.00,0.00
2020-02-26 09:06:10,001035,B,0.06,0.81,0.08,0.04,0.00,0.00
2020-02-26 09:06:55,001036,A,0.93,0.06,0.01,0.00,0.00,0.01
2020-02-26 09:11:13,001037,B,0.30,0.68,0.02,0.01,0.00,0.00
2020-02-26 09:11:37,001038,A,0.70,0.28,0.01,0.01,0.00,0.00
2020-02-26 09:20:24,001039,A,0.80,0.07,0.01,0.01,0.00,0.12
2020-02-26 09:21:51,001040,B,0.08,0.73,0.08,0.09,0.02,0.00
2020-02-26 09:22:12,001041,C,0.09,0.28,0.37,0.12,0.04,0.09
2020-02-26 09:24:00,001042,B,0.09,0.80,0.10,0.01,0.00,0.00
2020-02-26 09:30:19,001043,B,0.04,0.43,0.13,0.27,0.13,0.00
2020-02-26 09:40:14,001044,C,0.03,0.24,0.35,0.33,0.06,0.00
2020-02-26 09:40:18,001045,A,0.92,0.04,0.01,0.02,0.01,0.01
2020-02-26 09:48:50,001046,A,0.77,0.15,0.03,0.01,0.00,0.04
2020-02-26 10:07:08,001047,N,0.00,0.00,0.00,0.00,0.00,0.99
2020-02-26 10:07:12,001048,A,0.66,0.20,0.02,0.01,0.00,0.10
2020-02-26 10:11:20,001049,N,0.00,0.00,0.01,0.03,0.03,0.94
2020-02-26 10:12:51,001050,N,0.02,0.01,0.01,0.00,0.00,0.96
2020-02-26 10:23:47,001051,N,0.11,0.01,0.01,0.28,0.02,0.57
2020-02-26 10:31:54,001052,A,0.64,0.31,0.05,0.00,0.00,0.00
2020-02-26 10:32:12,001053,A,0.75,0.24,0.01,0.00,0.00,0.00
2020-02-26 10:35:04,001054,A,0.88,0.11,0.00,0.00,0.00,0.00
2020-02-26 10:46:23,001055,A,0.51,0.43,0.01,0.01,0.01,0.03
2020-02-26 10:51:35,001056,A,0.50,0.49,0.00,0.00,0.00,0.00
2020-02-26 10:56:46,001057,A,0.77,0.23,0.00,0.00,0.00,0.00
2020-02-26 10:57:54,001058,B,0.08,0.80,0.12,0.00,0.00,0.00
2020-02-26 10:58:24,001059,B,0.09,0.87,0.03,0.01,0.00,0.00
2020-02-26 10:59:33,001060,B,0.16,0.83,0.00,0.00,0.00,0.00
2020-02-26 11:04:24,001061,B,0.03,0.84,0.12,0.00,0.00,0.00
2020-02-26 11:05:00,001062,B,0.14,0.78,0.03,0.02,0.03,0.00
2020-02-26 11:05:21,001063,B,0.01,0.73,0.20,0.06,0.00,0.00
2020-02-26 11:06:15,001064,B,0.01,0.94,0.04,0.00,0.00,0.00
2020-02-26 11:06:20,001065,B,0.16,0.69,0.06,0.07,0.02,0.00
2020-02-26 11:06:29,001066,B,0.47,0.48,0.04,0.00,0.00,0.00
2020-02-26 11:07:34,001067,D,0.00,0.04,0.19,0.76,0.01,0.00
2020-02-26 11:07:48,001068,B,0.13,0.87,0.00,0.00,0.00,0.00
2020-02-26 11:10:59,001069,B,0.02,0.96,0.01,0.00,0.00,0.00
2020-02-26 11:15:15,001070,B,0.06,0.92,0.01,0.00,0.00,0.00
2020-02-26 11:16:26,001071,C,0.00,0.22,0.45,0.31,0.02,0.00
2020-02-26 11:18:38,001072,B,0.04,0.93,0.02,0.00,0.00,0.00
2020-02-26 11:18:55,001073,N,0.01,0.01,0.00,0.00,0.01,0.97
2020-02-26 11:19:12,001074,B,0.42,0.44,0.13,0.01,0.00,0.00
2020-02-26 11:28:28,001075,B,0.00,0.99,0.00,0.00,0.00,0.00
2020-02-26 11:46:18,001076,D,0.00,0.14,0.30,0.53,0.03,0.00
2020-02-26 11:53:37,001077,B,0.01,0.97,0.02,0.00,0.00,0.00
2020-02-26 12:01:18,001078,B,0.23,0.44,0.31,0.02,0.00,0.00
2020-02-26 12:04:05,001079,C,0.01,0.08,0.46,0.38,0.07,0.00
2020-02-26 12:05:56,001080,D,0.06,0.33,0.22,0.35,0.03,0.00
2020-02-26 12:06:04,001081,B,0.10,0.60,0.26,0.04,0.00,0.00
2020-02-26 12:09:52,001082,B,0.17,0.73,0.10,0.01,0.00,0.00
2020-02-26 12:12:03,001083,A,0.59,0.32,0.00,0.00,0.00,0.08
2020-02-26 12:14:11,001084,N,0.01,0.00,0.00,0.00,0.00,0.98
2020-02-26 12:21:46,001085,B,0.37,0.62,0.01,0.01,0.00,0.00
2020-02-26 12:21:55,001086,B,0.29,0.50,0.20,0.01,0.00,0.00
2020-02-26 12:22:45,001087,B,0.07,0.88,0.04,0.01,0.00,0.00
2020-02-26 12:23:29,001088,B,0.06,0.85,0.06,0.03,0.00,0.00
2020-02-26 12:24:03,001089,B,0.22,0.76,0.02,0.01,0.00,0.00
2020-02-26 12:24:58,001090,B,0.35,0.59,0.02,0.04,0.00,0.00
2020-02-26 12:25:15,001091,B,0.12,0.78,0.09,0.01,0.00,0.00
2020-02-26 12:25:44,001092,B,0.26,0.63,0.07,0.04,0.00,0.00
2020-02-26 12:27:11,001093,B,0.12,0.60,0.26,0.01,0.00,0.00
2020-02-26 12:28:16,001094,A,0.50,0.45,0.03,0.01,0.00,0.01
2020-02-26 12:29:26,001095,B,0.01,0.92,0.06,0.00,0.00,0.00
2020-02-26 12:30:44,001096,B,0.01,0.76,0.20,0.03,0.00,0.00
2020-02-26 12:31:02,001097,B,0.07,0.88,0.03,0.01,0.00,0.00
2020-02-26 12:32:36,001098,B,0.44,0.56,0.00,0.00,0.00,0.00
2020-02-26 12:34:52,001099,C,0.00,0.04,0.47,0.35,0.12,0.00
2020-02-26 12:35:26,001100,B,0.06,0.83,0.03,0.04,0.03,0.02
2020-02-26 12:36:11,001101,B,0.12,0.62,0.24,0.02,0.00,0.00
2020-02-26 12:37:31,001102,B,0.02,0.72,0.22,0.03,0.01,0.00
2020-02-26 12:42:25,001103,B,0.04,0.73,0.10,0.12,0.02,0.00
2020-02-26 12:42:35,001104,B,0.00,0.46,0.44,0.08,0.02,0.00
2020-02-26 12:42:39,001105,B,0.16,0.60,0.20,0.03,0.01,0.00
2020-02-26 12:45:59,001106,C,0.07,0.20,0.65,0.07,0.01,0.00
2020-02-26 12:46:08,001107,C,0.00,0.28,0.43,0.28,0.01,0.00
2020-02-26 12:46:14,001108,D,0.01,0.31,0.23,0.42,0.03,0.00
2020-02-26 12:46:17,001109,B,0.09,0.34,0.31,0.25,0.01,0.00
2020-02-26 12:46:43,001110,B,0.17,0.54,0.22,0.07,0.00,0.00
2020-02-26 12:50:14,001111,C,0.00,0.17,0.80,0.03,0.00,0.00
2020-02-26 12:52:06,001112,A,0.53,0.36,0.08,0.01,0.00,0.02
2020-02-26 12:52:13,001113,A,0.44,0.41,0.12,0.03,0.01,0.00
2020-02-26 12:52:31,001114,A,0.84,0.15,0.01,0.00,0.00,0.00
2020-02-26 12:52:36,001115,A,0.87,0.08,0.03,0.01,0.00,0.00
2020-02-26 12:52:55,001116,B,0.20,0.71,0.03,0.06,0.00,0.00
2020-02-26 12:53:00,001117,D,0.07,0.16,0.16,0.59,0.01,0.00
2020-02-26 12:53:05,001118,A,0.47,0.18,0.13,0.03,0.05,0.13
2020-02-26 12:53:28,001119,B,0.00,0.65,0.15,0.19,0.01,0.00
2020-02-26 12:53:38,001120,B,0.02,0.51,0.27,0.18,0.01,0.00
2020-02-26 12:55:54,001121,C,0.00,0.14,0.63,0.20,0.02,0.00
2020-02-26 12:56:08,001122,C,0.06,0.38,0.45,0.10,0.02,0.00
2020-02-26 12:58:40,001123,A,0.97,0.03,0.00,0.00,0.00,0.00
2020-02-26 13:00:04,001124,B,0.43,0.46,0.09,0.02,0.00,0.00
2020-02-26 13:00:07,001125,C,0.00,0.14,0.82,0.03,0.00,0.00
2020-02-26 13:00:16,001126,B,0.13,0.55,0.29,0.02,0.00,0.00
2020-02-26 13:00:23,001127,A,0.72,0.27,0.01,0.00,0.00,0.00
2020-02-26 13:01:10,001128,B,0.04,0.91,0.05,0.00,0.00,0.00
2020-02-26 13:06:34,001129,D,0.00,0.01,0.44,0.53,0.02,0.00
2020-02-26 13:06:41,001130,B,0.02,0.95,0.02,0.00,0.00,0.00
2020-02-26 13:08:28,001131,C,0.10,0.34,0.54,0.01,0.00,0.00
2020-02-26 13:16:17,001132,B,0.17,0.64,0.19,0.00,0.00,0.00
2020-02-26 13:16:28,001133,C,0.00,0.44,0.55,0.00,0.00,0.00
2020-02-26 13:19:44,001134,D,0.00,0.00,0.35,0.55,0.09,0.00
2020-02-26 13:22:56,001135,C,0.00,0.02,0.70,0.27,0.00,0.00
2020-02-26 13:27:31,001136,C,0.00,0.00,0.75,0.17,0.07,0.00
2020-02-26 13:27:36,001137,D,0.00,0.00,0.13,0.85,0.02,0.00
2020-02-26 13:32:50,001138,D,0.00,0.05,0.19,0.76,0.00,0.00
2020-02-26 13:36:33,001139,C,0.21,0.23,0.35,0.20,0.01,0.00
2020-02-26 13:36:41,001140,C,0.00,0.01,0.65,0.34,0.01,0.00
2020-02-26 13:36:52,001141,B,0.09,0.47,0.42,0.01,0.00,0.01
2020-02-26 13:40:09,001142,C,0.00,0.01,0.72,0.26,0.02,0.00
2020-02-26 13:41:44,001143,C,0.00,0.03,0.81,0.15,0.01,0.00
2020-02-26 13:43:11,001144,A,0.54,0.35,0.10,0.01,0.00,0.00
2020-02-26 13:43:15,001145,A,0.59,0.06,0.19,0.06,0.01,0.09
2020-02-26 13:46:36,001146,A,0.91,0.08,0.01,0.00,0.00,0.00
2020-02-26 13:47:02,001147,B,0.03,0.93,0.04,0.00,0.00,0.00
2020-02-26 13:47:56,001148,A,0.41,0.36,0.06,0.11,0.06,0.00
2020-02-26 13:51:07,001149,C,0.04,0.05,0.77,0.13,0.00,0.00
2020-02-26 13:52:13,001150,A,0.90,0.09,0.00,0.00,0.00,0.00
2020-02-26 13:54:19,001151,C,0.00,0.03,0.84,0.08,0.05,0.00
2020-02-26 13:55:30,001152,A,0.76,0.06,0.03,0.00,0.01,0.15
2020-02-26 13:55:34,001153,C,0.18,0.13,0.38,0.29,0.03,0.00
2020-02-26 13:55:37,001154,A,0.55,0.26,0.13,0.03,0.02,0.01
2020-02-26 13:57:19,001155,C,0.14,0.32,0.53,0.01,0.00,0.00
2020-02-26 13:57:27,001156,B,0.03,0.76,0.19,0.01,0.00,0.01
2020-02-26 14:03:04,001157,C,0.00,0.02,0.86,0.11,0.00,0.00
2020-02-26 14:03:12,001158,B,0.01,0.60,0.35,0.02,0.01,0.00
2020-02-26 14:06:53,001159,C,0.02,0.14,0.82,0.01,0.00,0.00
2020-02-26 14:15:39,001160,C,0.01,0.26,0.56,0.15,0.02,0.00
2020-02-26 14:19:49,001161,A,0.58,0.06,0.14,0.12,0.06,0.03
2020-02-26 14:29:35,001162,B,0.24,0.54,0.21,0.01,0.00,0.00
2020-02-26 14:44:20,001163,N,0.02,0.00,0.00,0.00,0.00,0.98
2020-02-26 15:00:12,001164,A,0.92,0.07,0.00,0.00,0.00,0.00
2020-02-26 15:00:23,001165,D,0.00,0.03,0.04,0.50,0.42,0.00
2020-02-26 15:16:04,001166,N,0.01,0.00,0.00,0.00,0.00,0.99
2020-02-26 15:39:35,001167,N,0.01,0.00,0.00,0.00,0.01,0.98
2020-02-26 16:12:00,001168,B,0.03,0.53,0.28,0.15,0.02,0.00
2020-02-26 16:27:44,001169,A,0.70,0.05,0.00,0.01,0.00,0.23
2020-02-26 16:28:05,001170,B,0.14,0.83,0.02,0.01,0.00,0.00
2020-02-26 17:10:22,001171,B,0.31,0.55,0.01,0.03,0.01,0.08
2020-02-26 17:15:05,001172,C,0.00,0.15,0.74,0.08,0.02,0.00
2020-02-26 17:18:15,001173,C,0.00,0.06,0.66,0.25,0.04,0.00
2020-02-26 17:18:51,001174,B,0.01,0.85,0.08,0.02,0.01,0.03
2020-02-26 17:22:45,001175,B,0.05,0.85,0.07,0.01,0.01,0.01
2020-02-26 17:25:12,001176,B,0.01,0.88,0.11,0.01,0.00,0.00
2020-02-26 17:26:00,001177,B,0.04,0.64,0.30,0.02,0.00,0.00
2020-02-26 17:28:57,001178,B,0.07,0.69,0.21,0.02,0.00,0.01
2020-02-26 17:31:41,001179,B,0.11,0.83,0.03,0.03,0.00,0.00
2020-02-26 17:32:10,001180,B,0.01,0.44,0.37,0.15,0.02,0.00
2020-02-26 17:32:27,001181,B,0.00,0.72,0.21,0.05,0.01,0.00
2020-02-26 17:34:24,001182,D,0.00,0.26,0.16,0.56,0.02,0.00
2020-02-26 17:34:59,001183,A,0.73,0.25,0.01,0.00,0.00,0.02
2020-02-26 17:40:38,001184,B,0.02,0.85,0.11,0.01,0.00,0.00
2020-02-26 17:42:47,001185,B,0.03,0.89,0.07,0.01,0.00,0.00
2020-02-26 17:44:28,001186,A,0.65,0.35,0.00,0.00,0.00,0.00
2020-02-26 17:44:56,001187,A,0.90,0.09,0.00,0.00,0.00,0.00
2020-02-26 17:46:16,001188,B,0.19,0.71,0.04,0.04,0.00,0.02
2020-02-26 17:46:21,001189,D,0.01,0.28,0.22,0.42,0.07,0.00
2020-02-26 17:47:33,001190,B,0.41,0.58,0.01,0.00,0.00,0.00
2020-02-26 17:49:21,001191,C,0.00,0.10,0.58,0.27,0.05,0.00
2020-02-26 17:53:35,001192,D,0.00,0.02,0.24,0.46,0.29,0.00
2020-02-26 18:00:04,001193,A,0.90,0.09,0.00,0.00,0.00,0.01
2020-02-26 18:03:18,001194,B,0.10,0.58,0.24,0.06,0.01,0.00
2020-02-26 18:03:49,001195,A,0.77,0.22,0.01,0.00,0.00,0.00
2020-02-26 18:08:07,001196,B,0.40,0.55,0.04,0.00,0.00,0.00
2020-02-26 18:08:43,001197,B,0.23,0.61,0.12,0.04,0.01,0.00
2020-02-26 18:10:10,001198,A,0.96,0.03,0.00,0.00,0.00,0.00
2020-02-26 18:10:55,001199,B,0.22,0.61,0.14,0.01,0.02,0.01
2020-02-26 18:11:50,001200,B,0.26,0.64,0.04,0.04,0.01,0.00
2020-02-26 18:14:08,001201,C,0.06,0.30,0.55,0.07,0.01,0.00
2020-02-26 18:16:10,001202,B,0.00,0.72,0.13,0.13,0.02,0.01
2020-02-26 18:22:15,001203,B,0.21,0.51,0.23,0.03,0.02,0.00
2020-02-26 18:22:39,001204,C,0.00,0.36,0.52,0.09,0.02,0.00
2020-02-26 18:22:43,001205,C,0.00,0.22,0.67,0.10,0.01,0.00
2020-02-26 18:23:46,001206,B,0.00,0.59,0.17,0.23,0.01,0.00
2020-02-26 18:32:02,001207,B,0.12,0.81,0.06,0.02,0.00,0.00
2020-02-26 18:35:26,001208,B,0.06,0.91,0.03,0.00,0.00,0.00
2020-02-26 18:40:01,001209,B,0.02,0.94,0.03,0.01,0.00,0.00
2020-02-26 18:43:56,001210,A,0.49,0.46,0.04,0.00,0.00,0.00
2020-02-26 18:44:38,001211,B,0.00,0.93,0.05,0.02,0.00,0.00
2020-02-26 18:45:42,001212,A,0.74,0.18,0.01,0.03,0.00,0.03
2020-02-26 18:50:12,001213,A,0.33,0.16,0.24,0.19,0.06,0.02
2020-02-26 18:54:47,001214,B,0.00,0.84,0.09,0.05,0.01,0.00
2020-02-26 18:54:57,001215,B,0.09,0.67,0.21,0.03,0.00,0.00
2020-02-26 18:55:47,001216,D,0.00,0.15,0.22,0.49,0.05,0.08
2020-02-26 18:55:56,001217,D,0.03,0.11,0.21,0.44,0.17,0.04
2020-02-26 18:57:11,001218,C,0.25,0.32,0.41,0.01,0.01,0.00
2020-02-26 18:57:35,001219,A,0.56,0.40,0.03,0.00,0.01,0.00
2020-02-26 18:57:46,001220,A,0.60,0.39,0.01,0.00,0.00,0.00
2020-02-26 18:59:15,001221,B,0.35,0.57,0.07,0.01,0.00,0.00
2020-02-26 19:06:01,001222,B,0.09,0.83,0.08,0.01,0.00,0.00
2020-02-26 19:08:26,001223,B,0.46,0.51,0.02,0.00,0.00,0.00
2020-02-26 19:10:59,001224,B,0.02,0.88,0.07,0.03,0.01,0.00
2020-02-26 19:23:00,001225,C,0.01,0.24,0.71,0.02,0.01,0.00
2020-02-26 19:23:08,001226,B,0.00,0.68,0.31,0.01,0.00,0.00
2020-02-26 19:27:09,001227,C,0.00,0.01,0.48,0.37,0.13,0.00
2020-02-26 19:36:21,001228,N,0.00,0.00,0.00,0.00,0.00,1.00
2020-02-26 19:36:40,001229,D,0.00,0.05,0.20,0.63,0.11,0.00
2020-02-26 19:42:15,001230,A,0.89,0.10,0.01,0.00,0.00,0.00
2020-02-26 19:44:44,001231,A,0.60,0.23,0.09,0.04,0.03,0.00
2020-02-26 19:49:38,001232,D,0.00,0.01,0.21,0.69,0.09,0.00
2020-02-26 19:49:45,001233,C,0.00,0.02,0.66,0.27,0.04,0.00
2020-02-26 19:55:00,001234,C,0.02,0.31,0.65,0.02,0.00,0.00
2020-02-26 19:57:33,001235,B,0.00,0.80,0.17,0.02,0.00,0.01
2020-02-26 20:02:06,001236,N,0.00,0.00,0.00,0.00,0.00,1.00
2020-02-26 20:02:37,001237,N,0.00,0.00,0.00,0.00,0.00,1.00
2020-02-26 20:02:40,001238,N,0.01,0.00,0.00,0.00,0.00,0.99
2020-02-26 22:44:47,000108,C,0.00,0.16,0.75,0.09,0.00,0.00
2020-02-26 22:46:44,000108,C,0.00,0.16,0.75,0.09,0.00,0.00
2020-02-26 22:48:34,000108,C,0.00,0.16,0.75,0.09,0.00,0.00
2020-02-26 23:03:08,000108,C,0.00,0.16,0.75,0.09,0.00,0.00
2020-02-27 07:03:11,001242,N,0.00,0.00,0.00,0.00,0.00,0.99
2020-02-27 07:45:47,001243,A,0.48,0.43,0.02,0.06,0.01,0.00
2020-02-27 07:45:51,001244,B,0.11,0.51,0.22,0.15,0.00,0.00
2020-02-27 07:49:29,001245,D,0.00,0.01,0.46,0.52,0.01,0.00
2020-02-27 07:50:16,001246,D,0.00,0.01,0.32,0.63,0.04,0.00
2020-02-27 07:50:34,001247,B,0.21,0.71,0.08,0.00,0.00,0.00
2020-02-27 07:53:05,001248,C,0.03,0.14,0.63,0.20,0.01,0.00
2020-02-27 07:53:48,001249,A,0.95,0.02,0.01,0.02,0.00,0.00
2020-02-27 07:54:43,001250,B,0.20,0.58,0.17,0.04,0.01,0.00
2020-02-27 07:54:56,001251,C,0.03,0.32,0.62,0.03,0.00,0.00
2020-02-27 07:56:54,001252,D,0.03,0.19,0.11,0.64,0.03,0.00
2020-02-27 07:57:14,001253,C,0.00,0.17,0.63,0.13,0.06,0.00
2020-02-27 08:02:10,001254,B,0.15,0.34,0.26,0.13,0.10,0.01
2020-02-27 08:31:30,001255,A,0.61,0.19,0.12,0.05,0.03,0.00
2020-02-27 08:37:23,001256,A,0.47,0.28,0.07,0.07,0.11,0.00
2020-02-27 08:37:30,001257,A,0.43,0.34,0.08,0.13,0.02,0.00
2020-02-27 08:54:36,001258,D,0.02,0.27,0.23,0.45,0.03,0.01
2020-02-27 08:54:45,001259,B,0.00,0.63,0.14,0.21,0.02,0.00
2020-02-27 08:55:07,001260,N,0.04,0.00,0.00,0.01,0.00,0.94
2020-02-27 08:58:10,001261,B,0.29,0.50,0.08,0.10,0.01,0.01
2020-02-27 09:02:00,001262,B,0.01,0.54,0.44,0.01,0.00,0.00
2020-02-27 09:03:43,001263,N,0.03,0.00,0.01,0.02,0.00,0.94
2020-02-27 09:03:50,001264,B,0.02,0.60,0.36,0.02,0.00,0.00
2020-02-27 09:09:32,001265,C,0.00,0.25,0.66,0.05,0.04,0.00
2020-02-27 09:09:51,001266,C,0.01,0.05,0.79,0.12,0.04,0.00
2020-02-27 09:14:57,001267,B,0.22,0.75,0.03,0.00,0.00,0.00
2020-02-27 09:17:15,001268,D,0.01,0.22,0.23,0.41,0.13,0.00
2020-02-27 09:19:46,001269,C,0.02,0.37,0.46,0.13,0.02,0.00
2020-02-27 09:20:29,001270,C,0.00,0.13,0.81,0.05,0.00,0.00
2020-02-27 09:22:12,001271,D,0.31,0.05,0.06,0.48,0.10,0.01
2020-02-27 09:22:20,001272,B,0.08,0.46,0.25,0.20,0.00,0.00
2020-02-27 09:24:00,001273,C,0.05,0.26,0.33,0.33,0.02,0.01
2020-02-27 09:25:21,001274,B,0.11,0.52,0.11,0.23,0.03,0.00
2020-02-27 09:34:52,001275,B,0.05,0.45,0.40,0.08,0.01,0.00
2020-02-27 09:45:05,001276,B,0.41,0.54,0.04,0.00,0.00,0.00
2020-02-27 09:53:20,001277,B,0.02,0.68,0.21,0.10,0.00,0.00
2020-02-27 10:06:13,001278,B,0.32,0.65,0.02,0.00,0.01,0.00
2020-02-27 10:06:19,001279,B,0.30,0.70,0.00,0.00,0.00,0.00
2020-02-27 15:44:01,000107,C,0.02,0.25,0.35,0.33,0.05,0.00
2020-02-27 15:46:07,001281,A,0.89,0.10,0.00,0.00,0.00,0.00
2020-02-27 15:46:58,000108,C,0.00,0.16,0.75,0.09,0.00,0.00
2020-02-27 15:50:52,000108,C,0.00,0.16,0.75,0.09,0.00,0.00
2020-02-27 15:51:10,000108,C,0.00,0.16,0.75,0.09,0.00,0.00
2020-02-27 10:55:45,000108,C,0.00,0.16,0.75,0.09,0.00,0.00
2020-02-27 10:59:25,000108,C,0.00,0.16,0.75,0.09,0.00,0.00
2020-02-27 10:59:58,000109,F,0.16,0.03,0.12,0.04,0.63,0.02
2020-02-27 11:04:47,000109,F,0.16,0.03,0.12,0.04,0.63,0.02
2020-02-27 11:05:30,001282,B,0.03,0.38,0.37,0.16,0.06,0.00
2020-02-27 11:09:16,001283,B,0.43,0.51,0.04,0.00,0.00,0.01
2020-02-27 11:10:52,001284,B,0.07,0.84,0.05,0.04,0.00,0.00
2020-02-27 11:14:28,001285,N,0.00,0.00,0.00,0.00,0.00,1.00
2020-02-27 11:22:41,001286,D,0.00,0.11,0.25,0.62,0.02,0.00
2020-02-27 11:32:31,001287,A,0.52,0.43,0.03,0.01,0.00,0.00
2020-02-27 11:36:34,001288,A,0.52,0.38,0.05,0.04,0.01,0.00
2020-02-27 11:36:41,001289,B,0.25,0.54,0.09,0.05,0.06,0.00
2020-02-27 11:39:39,001290,B,0.15,0.70,0.01,0.10,0.03,0.01
2020-02-27 11:41:05,001291,B,0.04,0.91,0.05,0.01,0.00,0.00
2020-02-27 11:41:16,001292,A,0.84,0.15,0.00,0.00,0.00,0.00
2020-02-27 11:42:30,001293,A,0.86,0.11,0.00,0.00,0.00,0.03
2020-02-27 11:45:31,001294,A,0.74,0.19,0.03,0.01,0.02,0.01
2020-02-27 11:47:31,001295,C,0.00,0.04,0.54,0.42,0.01,0.00
2020-02-27 11:47:41,001296,C,0.00,0.17,0.82,0.00,0.00,0.00
2020-02-27 11:52:02,001297,C,0.01,0.18,0.74,0.06,0.00,0.00
2020-02-27 11:55:25,000105,C,0.00,0.10,0.55,0.35,0.00,0.00
2020-02-27 11:55:33,000106,B,0.48,0.52,0.01,0.00,0.00,0.00
2020-02-27 11:56:12,001298,C,0.04,0.31,0.38,0.18,0.10,0.00
2020-02-27 11:56:20,001299,D,0.00,0.00,0.32,0.55,0.13,0.00
2020-02-27 11:56:59,001300,B,0.13,0.66,0.12,0.06,0.02,0.00
2020-02-27 11:57:02,001301,A,0.85,0.15,0.00,0.00,0.00,0.00
2020-02-27 11:57:06,001302,A,0.88,0.10,0.01,0.00,0.00,0.00
2020-02-27 11:58:56,001303,A,0.97,0.03,0.00,0.00,0.00,0.00
2020-02-27 12:01:46,001304,B,0.34,0.45,0.14,0.06,0.01,0.00
2020-02-27 12:04:50,001305,B,0.03,0.43,0.31,0.15,0.08,0.00
2020-02-27 12:07:56,001306,C,0.00,0.18,0.50,0.31,0.01,0.00
2020-02-27 12:08:00,001307,B,0.00,0.46,0.20,0.34,0.00,0.00
2020-02-27 12:08:29,001308,C,0.00,0.14,0.68,0.11,0.07,0.00
2020-02-27 12:08:36,001309,F,0.00,0.00,0.02,0.23,0.76,0.00
2020-02-27 12:09:01,001310,A,0.56,0.04,0.00,0.01,0.03,0.36
2020-02-27 12:15:02,001311,D,0.00,0.01,0.19,0.75,0.05,0.00
2020-02-27 12:16:54,001312,D,0.01,0.01,0.05,0.50,0.42,0.01
2020-02-27 12:17:09,001313,A,0.72,0.26,0.01,0.01,0.00,0.00
2020-02-27 12:17:17,001314,A,0.87,0.12,0.00,0.00,0.00,0.00
2020-02-27 12:17:28,001315,B,0.37,0.55,0.04,0.01,0.01,0.03
2020-02-27 12:18:09,001316,B,0.07,0.91,0.01,0.00,0.00,0.00
2020-02-27 12:20:01,001317,D,0.00,0.03,0.09,0.72,0.15,0.00
2020-02-27 12:20:11,001318,D,0.00,0.07,0.14,0.68,0.10,0.00
2020-02-27 12:20:23,001319,B,0.00,0.67,0.19,0.04,0.10,0.00
2020-02-27 12:21:21,001320,B,0.05,0.83,0.10,0.01,0.01,0.00
2020-02-27 12:21:25,001321,B,0.01,0.91,0.08,0.00,0.00,0.00
2020-02-27 12:22:09,001322,B,0.10,0.86,0.04,0.00,0.00,0.00
2020-02-27 12:23:07,001323,B,0.38,0.62,0.00,0.00,0.00,0.00
2020-02-27 12:23:58,001324,B,0.01,0.76,0.21,0.02,0.00,0.00
2020-02-27 12:26:13,001325,B,0.01,0.70,0.25,0.03,0.01,0.00
2020-02-27 12:26:49,001326,B,0.20,0.68,0.09,0.03,0.01,0.00
2020-02-27 12:26:55,001327,D,0.00,0.01,0.07,0.54,0.37,0.00
2020-02-27 12:28:03,001328,A,0.64,0.34,0.01,0.00,0.00,0.00
2020-02-27 12:30:16,001329,B,0.09,0.89,0.02,0.00,0.00,0.00
2020-02-27 12:30:29,001330,B,0.00,0.69,0.28,0.01,0.01,0.00
2020-02-27 12:31:06,001331,B,0.07,0.77,0.16,0.00,0.00,0.00
2020-02-27 12:31:26,001332,B,0.00,0.99,0.00,0.00,0.00,0.00
2020-02-27 12:31:29,001333,B,0.03,0.94,0.02,0.00,0.00,0.00
2020-02-27 12:31:34,001334,B,0.07,0.91,0.01,0.01,0.00,0.01
2020-02-27 12:31:37,001335,B,0.22,0.71,0.02,0.02,0.03,0.01
2020-02-27 12:32:47,001336,B,0.00,0.95,0.04,0.00,0.00,0.00
2020-02-27 12:33:38,001337,D,0.01,0.33,0.23,0.40,0.04,0.00
2020-02-27 12:35:11,001338,B,0.00,0.93,0.06,0.00,0.01,0.00
2020-02-27 12:36:05,001339,B,0.02,0.75,0.22,0.01,0.00,0.00
2020-02-27 12:36:29,001340,B,0.02,0.68,0.25,0.05,0.00,0.00
2020-02-27 12:38:03,001341,D,0.07,0.11,0.07,0.73,0.01,0.00
2020-02-27 12:38:08,001342,A,0.68,0.32,0.00,0.00,0.00,0.00
2020-02-27 12:40:42,001343,B,0.35,0.54,0.04,0.05,0.02,0.00
2020-02-27 12:42:17,001344,B,0.00,0.71,0.26,0.01,0.01,0.00
2020-02-27 12:43:13,001345,C,0.00,0.05,0.84,0.05,0.05,0.00
2020-02-27 12:43:19,001346,C,0.00,0.30,0.69,0.00,0.00,0.00
2020-02-27 12:45:22,001347,B,0.40,0.57,0.01,0.01,0.00,0.00
2020-02-27 12:45:48,001348,A,0.79,0.16,0.03,0.01,0.01,0.01
2020-02-27 12:45:53,001349,B,0.22,0.75,0.02,0.01,0.00,0.00
2020-02-27 12:47:16,001350,B,0.02,0.95,0.02,0.01,0.00,0.00
2020-02-27 12:51:27,001351,B,0.01,0.90,0.04,0.05,0.00,0.00
2020-02-27 12:51:31,001352,D,0.01,0.21,0.18,0.58,0.03,0.00
2020-02-27 12:51:37,001353,B,0.01,0.78,0.19,0.02,0.00,0.00
2020-02-27 12:51:42,001354,C,0.01,0.16,0.55,0.26,0.02,0.00
2020-02-27 12:52:54,001355,C,0.01,0.31,0.45,0.13,0.09,0.01
2020-02-27 12:53:18,001356,C,0.00,0.35,0.56,0.08,0.00,0.00
2020-02-27 12:53:55,001357,C,0.00,0.04,0.46,0.45,0.05,0.00
2020-02-27 12:54:02,001358,D,0.00,0.01,0.42,0.53,0.03,0.00
2020-02-27 12:54:12,001359,B,0.18,0.59,0.19,0.04,0.01,0.00
2020-02-27 12:54:32,001360,B,0.24,0.75,0.01,0.00,0.00,0.00
2020-02-27 12:55:35,001361,B,0.13,0.54,0.27,0.03,0.03,0.00
2020-02-27 12:55:43,001362,B,0.07,0.68,0.21,0.02,0.02,0.00
2020-02-27 12:55:53,001363,B,0.47,0.53,0.00,0.00,0.00,0.00
2020-02-27 12:56:58,001364,B,0.01,0.46,0.31,0.16,0.05,0.00
2020-02-27 12:57:26,001365,C,0.00,0.32,0.61,0.05,0.02,0.00
2020-02-27 12:58:06,001366,B,0.04,0.73,0.23,0.00,0.00,0.00
2020-02-27 13:03:18,001367,N,0.00,0.00,0.00,0.00,0.00,1.00
2020-02-27 13:03:32,001368,B,0.23,0.75,0.01,0.00,0.00,0.00
2020-02-27 13:08:52,001369,B,0.01,0.56,0.29,0.14,0.00,0.00
2020-02-27 13:08:55,001370,B,0.12,0.53,0.19,0.16,0.00,0.00
2020-02-27 13:10:13,001371,B,0.35,0.47,0.16,0.01,0.00,0.00
2020-02-27 13:11:48,001372,A,0.53,0.18,0.16,0.08,0.01,0.04
2020-02-27 13:12:10,001373,C,0.01,0.07,0.53,0.38,0.01,0.00
2020-02-27 13:14:10,001374,C,0.04,0.43,0.48,0.04,0.01,0.00
2020-02-27 13:15:04,001375,B,0.33,0.59,0.06,0.01,0.00,0.00
2020-02-27 13:17:03,001376,A,0.88,0.11,0.01,0.00,0.00,0.00
2020-02-27 13:18:47,001377,C,0.00,0.14,0.55,0.27,0.04,0.00
2020-02-27 13:24:06,001378,D,0.01,0.02,0.38,0.58,0.01,0.00
2020-02-27 13:27:26,001379,C,0.19,0.24,0.49,0.07,0.02,0.00
2020-02-27 13:27:49,001380,C,0.00,0.00,0.67,0.31,0.02,0.00
2020-02-27 13:32:08,001381,C,0.00,0.09,0.90,0.01,0.00,0.00
2020-02-27 13:35:03,001382,A,0.62,0.35,0.01,0.01,0.00,0.00
2020-02-27 13:35:28,001383,C,0.00,0.17,0.56,0.24,0.03,0.00
2020-02-27 14:04:50,001384,C,0.00,0.04,0.85,0.11,0.00,0.00
2020-02-27 14:07:06,001385,A,0.44,0.06,0.01,0.31,0.01,0.17
2020-02-27 14:08:16,001386,D,0.12,0.18,0.33,0.37,0.00,0.00
2020-02-27 14:19:49,001387,B,0.27,0.38,0.16,0.15,0.01,0.03
2020-02-27 14:25:31,001388,C,0.03,0.23,0.31,0.20,0.03,0.20
2020-02-27 14:34:40,001389,B,0.01,0.82,0.04,0.12,0.02,0.00
2020-02-27 14:44:11,001390,B,0.01,0.47,0.31,0.16,0.05,0.00
2020-02-27 14:50:03,001391,D,0.03,0.32,0.12,0.48,0.04,0.00
2020-02-27 14:50:28,000729,C,0.08,0.23,0.60,0.04,0.04,0.00
2020-02-27 14:53:34,000730,B,0.33,0.65,0.01,0.00,0.00,0.00
2020-02-27 14:53:37,000731,A,0.69,0.28,0.02,0.00,0.00,0.00
2020-02-27 14:53:42,000732,C,0.00,0.08,0.83,0.08,0.01,0.00
2020-02-27 14:53:50,000733,B,0.13,0.81,0.05,0.00,0.00,0.00
2020-02-27 14:53:53,000734,B,0.28,0.69,0.03,0.00,0.00,0.00
2020-02-27 14:53:57,000735,A,0.59,0.22,0.13,0.02,0.02,0.01
2020-02-27 14:54:01,000736,N,0.36,0.03,0.00,0.00,0.00,0.60
2020-02-27 14:54:05,000737,A,0.59,0.40,0.00,0.00,0.00,0.00
2020-02-27 14:54:46,000738,A,0.68,0.12,0.11,0.03,0.01,0.04
2020-02-27 15:45:50,001392,B,0.25,0.52,0.04,0.05,0.06,0.08
2020-02-27 16:14:21,000739,B,0.32,0.64,0.03,0.01,0.00,0.00
2020-02-27 16:14:41,000739,B,0.32,0.64,0.03,0.01,0.00,0.00
2020-02-27 16:14:50,000740,A,0.86,0.13,0.00,0.00,0.00,0.00
2020-02-27 16:15:03,000741,A,0.33,0.12,0.14,0.08,0.10,0.22
2020-02-27 16:15:12,000742,C,0.00,0.03,0.90,0.07,0.00,0.00
2020-02-27 16:15:19,000743,B,0.11,0.79,0.09,0.00,0.00,0.00
2020-02-27 16:15:25,000742,C,0.00,0.03,0.90,0.07,0.00,0.00
2020-02-27 16:18:38,001393,B,0.44,0.51,0.01,0.03,0.00,0.01
2020-02-27 16:24:09,001394,B,0.11,0.85,0.00,0.00,0.00,0.03
2020-02-27 16:41:51,001395,N,0.00,0.00,0.00,0.00,0.00,1.00
2020-02-27 16:44:21,001396,C,0.02,0.24,0.70,0.03,0.01,0.00
2020-02-27 16:54:51,000742,C,0.00,0.03,0.90,0.07,0.00,0.00
2020-02-27 16:55:32,000736,N,0.36,0.03,0.00,0.00,0.00,0.60
2020-02-27 17:21:43,001397,B,0.04,0.49,0.30,0.16,0.01,0.00
2020-02-27 17:24:41,001398,B,0.06,0.81,0.12,0.00,0.00,0.00
2020-02-27 17:24:58,001399,C,0.00,0.38,0.50,0.11,0.00,0.00
2020-02-27 17:26:30,001400,A,0.92,0.07,0.00,0.00,0.00,0.00
2020-02-27 17:29:16,001401,B,0.09,0.47,0.39,0.04,0.01,0.00
2020-02-27 17:32:40,001402,C,0.00,0.30,0.64,0.05,0.00,0.00
2020-02-27 17:33:15,001403,B,0.01,0.89,0.09,0.00,0.00,0.00
2020-02-27 17:35:49,001404,D,0.00,0.00,0.03,0.75,0.20,0.00
2020-02-27 17:36:16,001405,B,0.17,0.47,0.22,0.10,0.03,0.00
2020-02-27 17:36:24,001406,C,0.02,0.05,0.44,0.42,0.07,0.00
2020-02-27 17:36:31,001407,A,0.80,0.16,0.01,0.02,0.00,0.00
2020-02-27 17:37:59,001408,A,0.58,0.34,0.06,0.01,0.01,0.00
2020-02-27 17:39:41,001409,B,0.01,0.70,0.29,0.01,0.00,0.00
2020-02-27 17:39:52,001410,C,0.01,0.32,0.46,0.18,0.04,0.00
2020-02-27 17:40:28,001411,D,0.00,0.00,0.26,0.69,0.05,0.00
2020-02-27 17:43:40,001412,A,0.50,0.41,0.09,0.00,0.00,0.00
2020-02-27 17:45:56,001413,A,0.66,0.32,0.01,0.00,0.00,0.01
2020-02-27 17:46:06,000736,N,0.36,0.03,0.00,0.00,0.00,0.60
2020-02-27 17:46:13,000737,A,0.59,0.40,0.00,0.00,0.00,0.00
2020-02-27 17:46:18,000737,A,0.59,0.40,0.00,0.00,0.00,0.00
2020-02-27 17:46:21,000737,A,0.59,0.40,0.00,0.00,0.00,0.00
2020-02-27 17:46:28,000739,B,0.32,0.64,0.03,0.01,0.00,0.00
2020-02-27 17:46:34,000740,A,0.86,0.13,0.00,0.00,0.00,0.00
2020-02-27 17:46:42,000741,A,0.33,0.12,0.14,0.08,0.10,0.22
2020-02-27 17:46:46,000742,C,0.00,0.03,0.90,0.07,0.00,0.00
2020-02-27 17:47:30,001414,B,0.00,0.56,0.37,0.07,0.00,0.00
2020-02-27 17:50:13,001415,B,0.00,0.79,0.13,0.07,0.00,0.00
2020-02-27 17:50:24,001416,B,0.28,0.68,0.04,0.00,0.00,0.00
2020-02-27 17:55:40,001417,B,0.45,0.54,0.00,0.00,0.00,0.00
2020-02-27 17:56:27,000742,C,0.00,0.03,0.90,0.07,0.00,0.00
2020-02-27 17:56:42,000742,C,0.00,0.03,0.90,0.07,0.00,0.00
2020-02-27 17:57:22,001418,B,0.27,0.53,0.07,0.12,0.00,0.00
2020-02-27 17:58:34,000742,C,0.00,0.03,0.90,0.07,0.00,0.00
2020-02-27 18:00:53,000742,C,0.00,0.03,0.90,0.07,0.00,0.00
2020-02-27 18:01:20,001419,D,0.00,0.14,0.17,0.63,0.06,0.00
2020-02-27 18:01:37,001420,A,0.86,0.13,0.00,0.00,0.00,0.01
2020-02-27 18:01:44,001421,A,0.63,0.07,0.00,0.00,0.00,0.29
2020-02-27 18:01:57,001422,B,0.01,0.88,0.10,0.01,0.00,0.00
2020-02-27 18:02:18,001423,B,0.05,0.90,0.03,0.01,0.00,0.00
2020-02-27 18:02:48,000742,C,0.00,0.03,0.90,0.07,0.00,0.00
2020-02-27 18:03:04,001424,A,0.60,0.36,0.01,0.01,0.00,0.03
2020-02-27 18:05:36,000742,C,0.00,0.03,0.90,0.07,0.00,0.00
2020-02-27 18:06:32,000742,C,0.00,0.03,0.90,0.07,0.00,0.00
2020-02-27 18:07:13,000742,C,0.00,0.03,0.90,0.07,0.00,0.00
2020-02-27 18:08:23,000742,C,0.00,0.03,0.90,0.07,0.00,0.00
2020-02-27 18:08:31,001425,B,0.26,0.61,0.05,0.07,0.01,0.00
2020-02-27 18:08:31,000743,B,0.11,0.79,0.09,0.00,0.00,0.00
2020-02-27 18:09:02,001426,C,0.01,0.11,0.50,0.32,0.06,0.00
2020-02-27 18:09:26,001427,B,0.03,0.85,0.11,0.00,0.00,0.00
2020-02-27 18:09:31,001428,A,0.58,0.29,0.07,0.05,0.01,0.00
2020-02-27 18:09:34,001429,D,0.20,0.27,0.05,0.43,0.06,0.00
2020-02-27 18:09:38,001430,A,0.82,0.18,0.00,0.00,0.00,0.00
2020-02-27 18:10:34,000745,C,0.00,0.04,0.92,0.04,0.00,0.00
2020-02-27 18:10:46,001431,D,0.01,0.27,0.08,0.61,0.02,0.01
2020-02-27 18:12:51,000745,C,0.00,0.04,0.92,0.04,0.00,0.00
2020-02-27 18:12:58,000745,C,0.00,0.04,0.92,0.04,0.00,0.00
2020-02-27 18:13:33,001432,B,0.00,0.88,0.08,0.04,0.00,0.00
2020-02-27 18:15:55,000745,C,0.00,0.04,0.92,0.04,0.00,0.00
2020-02-27 18:16:18,000745,C,0.00,0.04,0.92,0.04,0.00,0.00
2020-02-27 18:17:23,001433,B,0.01,0.94,0.03,0.00,0.00,0.01
2020-02-27 18:17:41,000745,C,0.00,0.04,0.92,0.04,0.00,0.00
2020-02-27 18:18:25,001434,C,0.00,0.48,0.50,0.02,0.01,0.00
2020-02-27 18:19:49,000745,C,0.00,0.04,0.92,0.04,0.00,0.00
2020-02-27 18:19:55,000745,C,0.00,0.04,0.92,0.04,0.00,0.00
2020-02-27 18:20:09,000745,C,0.00,0.04,0.92,0.04,0.00,0.00
2020-02-27 18:20:25,000745,C,0.00,0.04,0.92,0.04,0.00,0.00
2020-02-27 18:20:33,000745,C,0.00,0.04,0.92,0.04,0.00,0.00
2020-02-27 18:21:52,000745,C,0.00,0.04,0.92,0.04,0.00,0.00
2020-02-27 18:21:58,000745,C,0.00,0.04,0.92,0.04,0.00,0.00
2020-02-27 18:22:07,000746,C,0.00,0.11,0.60,0.27,0.01,0.00
2020-02-27 18:22:15,000747,B,0.10,0.52,0.18,0.17,0.02,0.01
2020-02-27 18:22:35,000747,B,0.10,0.52,0.18,0.17,0.02,0.01
2020-02-27 18:22:43,001435,B,0.04,0.94,0.01,0.01,0.00,0.00
2020-02-27 18:22:47,000748,C,0.00,0.33,0.53,0.11,0.03,0.00
2020-02-27 18:22:48,001436,B,0.01,0.86,0.05,0.07,0.00,0.00
2020-02-27 18:23:31,000749,N,0.07,0.01,0.00,0.00,0.00,0.91
2020-02-27 18:24:01,000750,C,0.01,0.27,0.58,0.14,0.01,0.00
2020-02-27 18:24:11,000751,A,0.83,0.12,0.04,0.00,0.00,0.00
2020-02-27 18:24:44,001437,B,0.18,0.58,0.10,0.08,0.04,0.03
2020-02-27 18:25:55,000752,D,0.06,0.33,0.19,0.39,0.03,0.00
2020-02-27 18:26:03,000753,B,0.28,0.60,0.08,0.02,0.01,0.02
2020-02-27 18:30:50,001438,B,0.16,0.61,0.18,0.03,0.01,0.00
2020-02-27 18:32:41,000753,B,0.28,0.60,0.08,0.02,0.01,0.02
2020-02-27 18:32:49,000754,C,0.01,0.43,0.49,0.06,0.01,0.00
2020-02-27 18:33:08,000754,C,0.01,0.43,0.49,0.06,0.01,0.00
2020-02-27 18:33:38,000754,C,0.01,0.43,0.49,0.06,0.01,0.00
2020-02-27 18:33:59,000754,C,0.01,0.43,0.49,0.06,0.01,0.00
2020-02-27 18:34:44,000754,C,0.01,0.43,0.49,0.06,0.01,0.00
2020-02-27 18:34:53,000754,C,0.01,0.43,0.49,0.06,0.01,0.00
2020-02-27 18:35:52,000754,C,0.01,0.43,0.49,0.06,0.01,0.00
2020-02-27 18:36:36,000754,C,0.01,0.43,0.49,0.06,0.01,0.00
2020-02-27 18:36:53,000754,C,0.01,0.43,0.49,0.06,0.01,0.00
2020-02-27 18:37:09,000754,C,0.01,0.43,0.49,0.06,0.01,0.00
2020-02-27 18:37:34,000754,C,0.01,0.43,0.49,0.06,0.01,0.00
2020-02-27 18:37:53,000754,C,0.01,0.43,0.49,0.06,0.01,0.00
2020-02-27 18:38:15,000754,C,0.01,0.43,0.49,0.06,0.01,0.00
2020-02-27 18:39:06,000754,C,0.01,0.43,0.49,0.06,0.01,0.00
2020-02-27 18:39:35,000754,C,0.01,0.43,0.49,0.06,0.01,0.00
2020-02-27 18:41:30,000754,C,0.01,0.43,0.49,0.06,0.01,0.00
2020-02-27 18:42:07,000754,C,0.01,0.43,0.49,0.06,0.01,0.00
2020-02-27 18:42:56,000754,C,0.01,0.43,0.49,0.06,0.01,0.00
2020-02-27 18:43:42,000754,C,0.01,0.43,0.49,0.06,0.01,0.00
2020-02-27 18:44:15,000754,C,0.01,0.43,0.49,0.06,0.01,0.00
2020-02-27 18:44:34,000754,C,0.01,0.43,0.49,0.06,0.01,0.00
2020-02-27 18:44:40,000754,C,0.01,0.43,0.49,0.06,0.01,0.00
2020-02-27 18:45:02,000754,C,0.01,0.43,0.49,0.06,0.01,0.00
2020-02-27 18:45:42,000755,D,0.01,0.32,0.20,0.44,0.04,0.00
2020-02-27 18:45:51,000756,C,0.00,0.24,0.72,0.03,0.01,0.00
2020-02-27 18:47:15,000756,C,0.00,0.24,0.72,0.03,0.01,0.00
2020-02-27 18:51:29,000756,C,0.00,0.24,0.72,0.03,0.01,0.00
2020-02-27 18:52:31,000757,A,0.76,0.21,0.02,0.00,0.00,0.01
2020-02-27 18:53:00,000757,A,0.76,0.21,0.02,0.00,0.00,0.01
2020-02-27 18:53:06,000758,A,0.62,0.18,0.05,0.12,0.02,0.01
2020-02-27 18:53:17,000759,C,0.00,0.01,0.68,0.29,0.02,0.00
2020-02-27 18:58:24,001439,B,0.08,0.85,0.06,0.01,0.00,0.00
2020-02-27 18:58:44,001440,B,0.15,0.79,0.06,0.00,0.00,0.00
2020-02-27 19:01:01,000760,B,0.02,0.95,0.02,0.00,0.00,0.00
2020-02-27 19:03:23,T-shirts,N,0.00,0.01,0.00,0.00,0.00,0.99
2020-02-27 19:06:13,Ben Ambigram,N,0.02,0.01,0.01,0.00,0.01,0.96
2020-02-27 19:08:21,test1,B,0.01,0.36,0.07,0.09,0.14,0.33
2020-02-27 19:10:05,001441,B,0.00,0.49,0.40,0.10,0.00,0.00
2020-02-27 19:10:21,test2,B,0.19,0.26,0.06,0.18,0.24,0.07
2020-02-27 19:13:36,test2,D,0.20,0.23,0.03,0.42,0.11,0.01
2020-02-27 19:13:54,test2,D,0.20,0.23,0.03,0.42,0.11,0.01
2020-02-27 19:14:14,test3,D,0.20,0.23,0.03,0.42,0.11,0.01
2020-02-27 19:18:27,test4,A,0.80,0.11,0.00,0.01,0.01,0.07
2020-02-27 19:20:22,test5,A,0.79,0.15,0.00,0.02,0.01,0.02
2020-02-27 19:25:37,000123,C,0.00,0.29,0.43,0.16,0.11,0.00
2020-02-27 19:26:41,000123,C,0.00,0.29,0.43,0.16,0.11,0.00
2020-02-27 19:27:33,000757,A,0.76,0.21,0.02,0.00,0.00,0.01
2020-02-27 19:28:02,000757,A,0.76,0.21,0.02,0.00,0.00,0.01
2020-02-27 19:28:53,000757,A,0.76,0.21,0.02,0.00,0.00,0.01
2020-02-27 19:29:17,000757,A,0.76,0.21,0.02,0.00,0.00,0.01
2020-02-27 19:29:45,000757,A,0.76,0.21,0.02,0.00,0.00,0.01
2020-02-27 19:30:16,000757,A,0.76,0.21,0.02,0.00,0.00,0.01
2020-02-27 19:30:27,000757,A,0.76,0.21,0.02,0.00,0.00,0.01
2020-02-27 19:30:46,000757,A,0.76,0.21,0.02,0.00,0.00,0.01
2020-02-27 19:31:33,000757,A,0.76,0.21,0.02,0.00,0.00,0.01
2020-02-27 19:32:14,000757,A,0.76,0.21,0.02,0.00,0.00,0.01
2020-02-27 19:34:29,000757,A,0.76,0.21,0.02,0.00,0.00,0.01
2020-02-27 19:35:49,000757,A,0.76,0.21,0.02,0.00,0.00,0.01
2020-02-27 19:36:19,000757,A,0.76,0.21,0.02,0.00,0.00,0.01
2020-02-27 19:36:26,000758,A,0.62,0.18,0.05,0.12,0.02,0.01
2020-02-27 19:36:30,000759,C,0.00,0.01,0.68,0.29,0.02,0.00
2020-02-27 19:36:36,000760,B,0.02,0.95,0.02,0.00,0.00,0.00
2020-02-27 19:36:42,001442,C,0.00,0.12,0.67,0.15,0.05,0.00
2020-02-27 19:42:17,000760,B,0.02,0.95,0.02,0.00,0.00,0.00
2020-02-27 19:42:22,000760,B,0.02,0.95,0.02,0.00,0.00,0.00
2020-02-27 19:42:41,000760,B,0.02,0.95,0.02,0.00,0.00,0.00
2020-02-27 19:42:55,000760,B,0.02,0.95,0.02,0.00,0.00,0.00
2020-02-27 19:43:03,000758,A,0.62,0.18,0.05,0.12,0.02,0.01
2020-02-27 19:43:14,000758,A,0.62,0.18,0.05,0.12,0.02,0.01
2020-02-27 19:43:25,000759,C,0.00,0.01,0.68,0.29,0.02,0.00
2020-02-27 19:44:08,000740,A,0.86,0.13,0.00,0.00,0.00,0.00
2020-02-27 19:44:23,000741,A,0.33,0.12,0.14,0.08,0.10,0.22
2020-02-27 19:44:29,000742,C,0.00,0.03,0.90,0.07,0.00,0.00
2020-02-27 19:44:55,001443,N,0.17,0.04,0.00,0.00,0.00,0.79
2020-02-27 19:46:43,000742,C,0.00,0.03,0.90,0.07,0.00,0.00
2020-02-27 19:46:49,000743,B,0.11,0.79,0.09,0.00,0.00,0.00
2020-02-27 19:47:03,000743,B,0.11,0.79,0.09,0.00,0.00,0.00
2020-02-27 19:47:10,000743,B,0.11,0.79,0.09,0.00,0.00,0.00
2020-02-27 19:47:17,000744,B,0.03,0.81,0.14,0.01,0.00,0.00
2020-02-27 19:47:23,000745,C,0.00,0.04,0.92,0.04,0.00,0.00
2020-02-27 19:48:00,000745,C,0.00,0.04,0.92,0.04,0.00,0.00
2020-02-27 19:48:27,000746,C,0.00,0.11,0.60,0.27,0.01,0.00
2020-02-27 19:48:30,001444,B,0.01,0.54,0.39,0.04,0.02,0.00
2020-02-27 19:48:34,000758,A,0.62,0.18,0.05,0.12,0.02,0.01
2020-02-27 19:48:39,001445,N,0.00,0.00,0.00,0.00,0.00,1.00
2020-02-27 19:48:42,001446,N,0.00,0.00,0.00,0.00,0.00,1.00
2020-02-27 19:48:46,000758,A,0.62,0.18,0.05,0.12,0.02,0.01
2020-02-27 19:48:53,000758,A,0.62,0.18,0.05,0.12,0.02,0.01
2020-02-27 19:48:57,000760,B,0.02,0.95,0.02,0.00,0.00,0.00
2020-02-27 19:49:06,001447,N,0.00,0.00,0.00,0.00,0.00,1.00
2020-02-27 19:49:40,000760,B,0.02,0.95,0.02,0.00,0.00,0.00
2020-02-27 19:49:59,000760,B,0.02,0.95,0.02,0.00,0.00,0.00
2020-02-27 19:50:21,000760,B,0.02,0.95,0.02,0.00,0.00,0.00
2020-02-27 19:50:37,000760,B,0.02,0.95,0.02,0.00,0.00,0.00
2020-02-27 19:51:13,000760,B,0.02,0.95,0.02,0.00,0.00,0.00
2020-02-27 19:51:19,000758,A,0.62,0.18,0.05,0.12,0.02,0.01
2020-02-27 19:51:40,000758,A,0.62,0.18,0.05,0.12,0.02,0.01
2020-02-27 19:51:54,000759,C,0.00,0.01,0.68,0.29,0.02,0.00
2020-02-27 19:52:13,000759,C,0.00,0.01,0.68,0.29,0.02,0.00
2020-02-27 19:52:22,000758,A,0.62,0.18,0.05,0.12,0.02,0.01
2020-02-27 19:52:26,000758,A,0.62,0.18,0.05,0.12,0.02,0.01
2020-02-27 19:52:30,000759,C,0.00,0.01,0.68,0.29,0.02,0.00
2020-02-27 21:33:38,000759,C,0.00,0.01,0.68,0.29,0.02,0.00
2020-02-27 21:34:36,000759,C,0.00,0.01,0.68,0.29,0.02,0.00
2020-02-27 21:46:32,000759,C,0.00,0.01,0.68,0.29,0.02,0.00
2020-02-27 21:46:41,000760,B,0.02,0.95,0.02,0.00,0.00,0.00
2020-02-27 21:46:46,000758,A,0.62,0.18,0.05,0.12,0.02,0.01
2020-02-27 21:46:53,000757,A,0.76,0.21,0.02,0.00,0.00,0.01
2020-02-27 21:47:01,000756,C,0.00,0.24,0.72,0.03,0.01,0.00
2020-02-27 21:47:45,000756,C,0.00,0.24,0.72,0.03,0.01,0.00
2020-02-27 21:48:06,000757,A,0.76,0.21,0.02,0.00,0.00,0.01
2020-02-27 21:48:13,000758,A,0.62,0.18,0.05,0.12,0.02,0.01
2020-02-27 21:48:36,000758,A,0.62,0.18,0.05,0.12,0.02,0.01
2020-02-27 21:48:50,000760,B,0.02,0.95,0.02,0.00,0.00,0.00
2020-02-27 21:49:09,000761,C,0.01,0.21,0.71,0.05,0.01,0.01
2020-02-27 21:49:16,000762,C,0.10,0.23,0.41,0.24,0.01,0.00
2020-02-27 21:49:22,000763,B,0.10,0.44,0.29,0.09,0.04,0.03
2020-02-27 21:49:30,000762,C,0.10,0.23,0.41,0.24,0.01,0.00
2020-02-27 21:49:34,000763,B,0.10,0.44,0.29,0.09,0.04,0.03
2020-02-27 22:00:27,000763,B,0.10,0.44,0.29,0.09,0.04,0.03
2020-02-27 22:00:34,000762,C,0.10,0.23,0.41,0.24,0.01,0.00
2020-02-27 22:01:21,000762,C,0.10,0.23,0.41,0.24,0.01,0.00
2020-02-27 22:01:55,000762,C,0.10,0.23,0.41,0.24,0.01,0.00
2020-02-27 22:02:10,000762,C,0.10,0.23,0.41,0.24,0.01,0.00
2020-02-27 22:02:16,000763,B,0.10,0.44,0.29,0.09,0.04,0.03
2020-02-27 22:03:19,000763,B,0.10,0.44,0.29,0.09,0.04,0.03
2020-02-27 22:03:28,000763,B,0.10,0.44,0.29,0.09,0.04,0.03
2020-02-27 22:03:33,000764,B,0.23,0.66,0.09,0.01,0.01,0.01
2020-02-27 22:03:39,000750,C,0.01,0.27,0.58,0.14,0.01,0.00
2020-02-27 22:03:43,000751,A,0.83,0.12,0.04,0.00,0.00,0.00
2020-02-27 22:03:48,000752,D,0.06,0.33,0.19,0.39,0.03,0.00
2020-02-27 22:03:53,000753,B,0.28,0.60,0.08,0.02,0.01,0.02
2020-02-27 22:04:34,000753,B,0.28,0.60,0.08,0.02,0.01,0.02
2020-02-27 22:04:39,000754,C,0.01,0.43,0.49,0.06,0.01,0.00
2020-02-27 22:04:45,000755,D,0.01,0.32,0.20,0.44,0.04,0.00
2020-02-27 22:04:50,000756,C,0.00,0.24,0.72,0.03,0.01,0.00
2020-02-27 22:04:57,000756,C,0.00,0.24,0.72,0.03,0.01,0.00
2020-02-27 22:05:01,000757,A,0.76,0.21,0.02,0.00,0.00,0.01
2020-02-27 22:05:04,000758,A,0.62,0.18,0.05,0.12,0.02,0.01
2020-02-27 22:05:08,000759,C,0.00,0.01,0.68,0.29,0.02,0.00
2020-02-27 22:05:12,000760,B,0.02,0.95,0.02,0.00,0.00,0.00
2020-02-27 22:05:37,000109,F,0.16,0.03,0.12,0.04,0.63,0.02
2020-02-27 22:05:42,000109,F,0.16,0.03,0.12,0.04,0.63,0.02
2020-02-27 22:06:46,000109,F,0.16,0.03,0.12,0.04,0.63,0.02
2020-02-27 22:09:28,000109,F,0.16,0.03,0.12,0.04,0.63,0.02
2020-02-27 22:11:53,000109,F,0.16,0.03,0.12,0.04,0.63,0.02
2020-02-27 22:12:27,000109,F,0.16,0.03,0.12,0.04,0.63,0.02
2020-02-27 22:13:04,000110,B,0.10,0.89,0.01,0.00,0.00,0.00
2020-02-27 22:13:57,000110,B,0.10,0.89,0.01,0.00,0.00,0.00
2020-02-27 22:15:06,000110,B,0.10,0.89,0.01,0.00,0.00,0.00
2020-02-27 22:15:26,000110,B,0.10,0.89,0.01,0.00,0.00,0.00
2020-02-27 22:15:39,000110,B,0.10,0.89,0.01,0.00,0.00,0.00
2020-02-27 22:17:39,000110,B,0.10,0.89,0.01,0.00,0.00,0.00
2020-02-27 22:17:44,000110,B,0.10,0.89,0.01,0.00,0.00,0.00
2020-02-27 22:17:48,000109,F,0.16,0.03,0.12,0.04,0.63,0.02
2020-02-27 22:20:15,000109,F,0.16,0.03,0.12,0.04,0.63,0.02
2020-02-27 22:20:20,000109,F,0.16,0.03,0.12,0.04,0.63,0.02
2020-02-27 22:20:45,000109,F,0.16,0.03,0.12,0.04,0.63,0.02
2020-02-27 22:21:36,000109,F,0.16,0.03,0.12,0.04,0.63,0.02
2020-02-27 22:22:40,000109,F,0.16,0.03,0.12,0.04,0.63,0.02
2020-02-27 22:23:01,000109,F,0.16,0.03,0.12,0.04,0.63,0.02
2020-02-27 22:23:08,000109,F,0.16,0.03,0.12,0.04,0.63,0.02
2020-02-27 22:23:51,000109,F,0.16,0.03,0.12,0.04,0.63,0.02
2020-02-27 22:25:18,000109,F,0.16,0.03,0.12,0.04,0.63,0.02
2020-02-27 22:25:35,000109,F,0.16,0.03,0.12,0.04,0.63,0.02
2020-02-27 22:25:40,000110,B,0.10,0.89,0.01,0.00,0.00,0.00
2020-02-27 22:27:50,000110,B,0.10,0.89,0.01,0.00,0.00,0.00
2020-02-27 22:27:56,000111,B,0.03,0.87,0.09,0.01,0.01,0.00
2020-02-27 22:28:05,000112,B,0.03,0.77,0.11,0.07,0.01,0.00
2020-02-27 22:28:11,000113,B,0.03,0.58,0.27,0.10,0.01,0.00
2020-02-27 22:28:15,000114,D,0.00,0.30,0.20,0.38,0.12,0.00
2020-02-27 23:01:36,000107,C,0.02,0.25,0.35,0.33,0.05,0.00
2020-02-27 23:01:42,000108,C,0.00,0.16,0.75,0.09,0.00,0.00
2020-02-27 23:01:46,000109,F,0.16,0.03,0.12,0.04,0.63,0.02
2020-02-27 23:01:52,000110,B,0.10,0.89,0.01,0.00,0.00,0.00
2020-02-27 23:01:58,000110,B,0.10,0.89,0.01,0.00,0.00,0.00
2020-02-27 23:02:02,000111,B,0.03,0.87,0.09,0.01,0.01,0.00
2020-02-27 23:02:06,000112,B,0.03,0.77,0.11,0.07,0.01,0.00
2020-02-27 23:02:10,000113,B,0.03,0.58,0.27,0.10,0.01,0.00
2020-02-27 23:02:25,000750,C,0.01,0.27,0.58,0.14,0.01,0.00
2020-02-27 23:02:30,000751,A,0.83,0.12,0.04,0.00,0.00,0.00
2020-02-27 23:02:35,000751,A,0.83,0.12,0.04,0.00,0.00,0.00
2020-02-27 23:02:40,000752,D,0.06,0.33,0.19,0.39,0.03,0.00
2020-02-27 23:02:47,000753,B,0.28,0.60,0.08,0.02,0.01,0.02
2020-02-27 23:02:53,000753,B,0.28,0.60,0.08,0.02,0.01,0.02
2020-02-27 23:02:58,000754,C,0.01,0.43,0.49,0.06,0.01,0.00
2020-02-27 23:03:02,000755,D,0.01,0.32,0.20,0.44,0.04,0.00
2020-02-27 23:03:11,000109,F,0.16,0.03,0.12,0.04,0.63,0.02
2020-02-27 23:03:17,000109,F,0.16,0.03,0.12,0.04,0.63,0.02
2020-02-27 23:04:29,001365,B,0.22,0.71,0.06,0.01,0.00,0.00
2020-02-27 23:04:35,001366,D,0.00,0.19,0.32,0.46,0.04,0.00
2020-02-27 23:04:40,001367,A,0.94,0.02,0.00,0.00,0.00,0.03
2020-02-27 23:07:23,001365,B,0.22,0.71,0.06,0.01,0.00,0.00
2020-02-27 23:07:57,001365,B,0.22,0.71,0.06,0.01,0.00,0.00
2020-02-27 23:08:09,001365,B,0.22,0.71,0.06,0.01,0.00,0.00
2020-02-27 23:08:16,001365,B,0.22,0.71,0.06,0.01,0.00,0.00
2020-02-27 23:09:34,001365,B,0.22,0.71,0.06,0.01,0.00,0.00
2020-02-27 23:09:42,001365,B,0.22,0.71,0.06,0.01,0.00,0.00
2020-02-27 23:09:46,001365,B,0.22,0.71,0.06,0.01,0.00,0.00
2020-02-27 23:11:32,001365,B,0.22,0.71,0.06,0.01,0.00,0.00
2020-02-27 23:14:13,001365,B,0.22,0.71,0.06,0.01,0.00,0.00
2020-02-27 23:16:39,001365,B,0.22,0.71,0.06,0.01,0.00,0.00
2020-02-27 23:16:54,001365,B,0.22,0.71,0.06,0.01,0.00,0.00
2020-02-27 23:17:27,001365,B,0.22,0.71,0.06,0.01,0.00,0.00
2020-02-27 23:18:14,001365,B,0.22,0.71,0.06,0.01,0.00,0.00
2020-02-27 23:21:13,001365,B,0.22,0.71,0.06,0.01,0.00,0.00
2020-02-27 23:21:27,001365,B,0.22,0.71,0.06,0.01,0.00,0.00
2020-02-27 23:22:38,001365,B,0.22,0.71,0.06,0.01,0.00,0.00
2020-02-27 23:22:42,001365,B,0.22,0.71,0.06,0.01,0.00,0.00
2020-02-27 23:26:00,001365,B,0.22,0.71,0.06,0.01,0.00,0.00
2020-02-27 23:27:12,001365,B,0.22,0.71,0.06,0.01,0.00,0.00
2020-02-27 23:29:39,001365,B,0.22,0.71,0.06,0.01,0.00,0.00
2020-02-27 23:29:42,001365,B,0.22,0.71,0.06,0.01,0.00,0.00
2020-02-27 23:30:34,001365,B,0.22,0.71,0.06,0.01,0.00,0.00
2020-02-27 23:30:42,001365,B,0.22,0.71,0.06,0.01,0.00,0.00
2020-02-27 23:31:16,001365,B,0.22,0.71,0.06,0.01,0.00,0.00
2020-02-27 23:31:24,001365,B,0.22,0.71,0.06,0.01,0.00,0.00
2020-02-27 23:32:55,001365,B,0.22,0.71,0.06,0.01,0.00,0.00
2020-02-27 23:32:59,001365,B,0.22,0.71,0.06,0.01,0.00,0.00
2020-02-27 23:34:50,001365,B,0.22,0.71,0.06,0.01,0.00,0.00
2020-02-27 23:35:38,001365,B,0.22,0.71,0.06,0.01,0.00,0.00
2020-02-27 23:35:58,001366,D,0.00,0.19,0.32,0.46,0.04,0.00
2020-02-27 23:36:05,001366,D,0.00,0.19,0.32,0.46,0.04,0.00
2020-02-27 23:39:22,001366,D,0.00,0.19,0.32,0.46,0.04,0.00
2020-02-27 23:40:58,001366,D,0.00,0.19,0.32,0.46,0.04,0.00
2020-02-27 23:41:56,001366,D,0.00,0.19,0.32,0.46,0.04,0.00
2020-02-27 23:44:59,001367,A,0.94,0.02,0.00,0.00,0.00,0.03
2020-02-27 23:45:21,001368,B,0.00,0.52,0.42,0.06,0.00,0.00
2020-02-27 23:46:57,001368,B,0.00,0.52,0.42,0.06,0.00,0.00
2020-02-27 23:47:05,001369,B,0.01,0.81,0.06,0.11,0.01,0.00
2020-02-27 23:47:13,001370,C,0.00,0.09,0.59,0.26,0.06,0.00
2020-02-27 23:47:22,001371,B,0.31,0.68,0.00,0.00,0.00,0.00
2020-02-27 23:48:28,001371,B,0.31,0.68,0.00,0.00,0.00,0.00
2020-02-27 23:48:35,001371,B,0.31,0.68,0.00,0.00,0.00,0.00
2020-02-27 23:48:47,001372,B,0.37,0.52,0.08,0.02,0.01,0.00
2020-02-27 23:48:57,001373,C,0.00,0.12,0.77,0.10,0.01,0.00
2020-02-27 23:50:15,001373,C,0.00,0.12,0.77,0.10,0.01,0.00
2020-02-27 23:50:20,001373,C,0.00,0.12,0.77,0.10,0.01,0.00
2020-02-27 23:50:53,001373,C,0.00,0.12,0.77,0.10,0.01,0.00
2020-02-27 23:51:00,001374,B,0.10,0.88,0.01,0.00,0.00,0.00
2020-02-27 23:51:37,001374,B,0.10,0.88,0.01,0.00,0.00,0.00
2020-02-27 23:51:41,001374,B,0.10,0.88,0.01,0.00,0.00,0.00
2020-02-27 23:52:27,001374,B,0.10,0.88,0.01,0.00,0.00,0.00
2020-02-27 23:52:34,001374,B,0.10,0.88,0.01,0.00,0.00,0.00
2020-02-27 23:52:39,001375,B,0.00,0.67,0.21,0.11,0.00,0.00
2020-02-27 23:52:48,001376,C,0.01,0.13,0.51,0.28,0.06,0.00
2020-02-27 23:52:57,001377,B,0.02,0.90,0.04,0.04,0.00,0.00
2020-02-27 23:53:58,001377,B,0.02,0.90,0.04,0.04,0.00,0.00
2020-02-27 23:54:30,001376,C,0.01,0.13,0.51,0.28,0.06,0.00
2020-02-27 23:54:58,001376,C,0.01,0.13,0.51,0.28,0.06,0.00
2020-02-27 23:55:08,001376,C,0.01,0.13,0.51,0.28,0.06,0.00
2020-02-27 23:56:47,001376,C,0.01,0.13,0.51,0.28,0.06,0.00
2020-02-27 23:57:19,001376,C,0.01,0.13,0.51,0.28,0.06,0.00
2020-02-27 23:58:45,001376,C,0.01,0.13,0.51,0.28,0.06,0.00
2020-02-27 23:59:00,001376,C,0.01,0.13,0.51,0.28,0.06,0.00
2020-02-27 23:59:08,001376,C,0.01,0.13,0.51,0.28,0.06,0.00
2020-02-28 00:02:02,001376,C,0.01,0.13,0.51,0.28,0.06,0.00
2020-02-28 00:02:09,001376,C,0.01,0.13,0.51,0.28,0.06,0.00
2020-02-28 00:02:16,001377,B,0.02,0.90,0.04,0.04,0.00,0.00
2020-02-28 00:02:56,001377,B,0.02,0.90,0.04,0.04,0.00,0.00
2020-02-28 00:03:25,001377,B,0.02,0.90,0.04,0.04,0.00,0.00
2020-02-28 00:03:33,001377,B,0.02,0.90,0.04,0.04,0.00,0.00
2020-02-28 00:03:41,001377,B,0.02,0.90,0.04,0.04,0.00,0.00
2020-02-28 00:04:21,001377,B,0.02,0.90,0.04,0.04,0.00,0.00
2020-02-28 00:19:03,001377,B,0.02,0.90,0.04,0.04,0.00,0.00
2020-02-28 00:19:21,001377,B,0.02,0.90,0.04,0.04,0.00,0.00
2020-02-28 00:19:50,001376,C,0.01,0.13,0.51,0.28,0.06,0.00
2020-02-28 00:20:02,001377,B,0.02,0.90,0.04,0.04,0.00,0.00
2020-02-28 00:20:10,001377,B,0.02,0.90,0.04,0.04,0.00,0.00
2020-02-28 00:20:48,001377,B,0.02,0.90,0.04,0.04,0.00,0.00
2020-02-28 00:21:28,001377,B,0.02,0.90,0.04,0.04,0.00,0.00
2020-02-28 00:21:55,001377,B,0.02,0.90,0.04,0.04,0.00,0.00
2020-02-28 00:22:01,001378,B,0.39,0.47,0.09,0.03,0.01,0.00
2020-02-28 00:22:34,001379,A,0.65,0.33,0.01,0.00,0.00,0.00
2020-02-28 00:22:41,001380,B,0.01,0.48,0.45,0.04,0.02,0.00
2020-02-28 00:22:50,001381,N,0.26,0.11,0.01,0.01,0.02,0.61
2020-02-28 00:22:58,001382,B,0.00,0.79,0.18,0.03,0.00,0.00
2020-02-28 00:23:06,001383,C,0.01,0.19,0.64,0.13,0.02,0.00
2020-02-28 00:23:12,001384,B,0.14,0.79,0.06,0.00,0.00,0.00
2020-02-28 00:23:19,001385,B,0.39,0.60,0.01,0.00,0.00,0.00
2020-02-28 00:23:25,001386,B,0.30,0.65,0.04,0.00,0.00,0.00
2020-02-28 00:23:32,001387,C,0.00,0.20,0.61,0.15,0.04,0.00
2020-02-28 00:23:38,001388,C,0.00,0.48,0.49,0.03,0.00,0.00
2020-02-28 00:23:46,001389,B,0.00,0.91,0.05,0.04,0.00,0.00
2020-02-28 00:23:54,001390,B,0.01,0.88,0.09,0.02,0.00,0.00
2020-02-28 00:24:52,001390,B,0.01,0.88,0.09,0.02,0.00,0.00
2020-02-28 00:24:57,001391,B,0.27,0.53,0.09,0.11,0.01,0.00
2020-02-28 00:25:03,001392,C,0.00,0.08,0.47,0.29,0.15,0.00
2020-02-28 00:25:48,001390,B,0.01,0.88,0.09,0.02,0.00,0.00
2020-02-28 00:25:54,001393,B,0.20,0.65,0.15,0.00,0.00,0.00
2020-02-28 00:25:59,001394,C,0.00,0.20,0.46,0.30,0.03,0.00
2020-02-28 00:26:04,001395,A,0.72,0.27,0.00,0.00,0.00,0.00
2020-02-28 00:26:27,001396,N,0.00,0.00,0.00,0.00,0.00,1.00
2020-02-28 00:26:32,001397,D,0.00,0.06,0.21,0.62,0.12,0.00
2020-02-28 00:26:39,001398,A,0.96,0.03,0.00,0.00,0.00,0.00
2020-02-28 00:26:47,001399,F,0.00,0.02,0.25,0.17,0.56,0.00
2020-02-28 00:28:34,001399,F,0.00,0.02,0.25,0.17,0.56,0.00
2020-02-28 00:28:41,001398,A,0.96,0.03,0.00,0.00,0.00,0.00
2020-02-28 00:28:48,001399,F,0.00,0.02,0.25,0.17,0.56,0.00
2020-02-28 00:28:55,001400,A,0.89,0.05,0.01,0.00,0.00,0.05
2020-02-28 00:29:02,001401,B,0.35,0.48,0.15,0.01,0.00,0.00
2020-02-28 00:29:07,001402,B,0.19,0.42,0.36,0.01,0.02,0.00
2020-02-28 00:29:15,001403,F,0.00,0.00,0.01,0.33,0.65,0.00
2020-02-28 00:29:22,001404,B,0.17,0.58,0.19,0.04,0.01,0.00
2020-02-28 00:33:27,001404,B,0.17,0.58,0.19,0.04,0.01,0.00
2020-02-28 00:33:35,001405,A,0.98,0.02,0.00,0.00,0.00,0.00
2020-02-28 00:36:20,001406,A,0.99,0.01,0.00,0.00,0.00,0.00
2020-02-28 00:36:27,001407,N,0.43,0.02,0.00,0.00,0.00,0.55
2020-02-28 00:36:33,001408,B,0.04,0.51,0.15,0.13,0.16,0.01
2020-02-28 00:36:40,001409,B,0.03,0.77,0.16,0.03,0.01,0.00
2020-02-28 00:36:46,001410,B,0.06,0.91,0.03,0.01,0.00,0.00
2020-02-28 00:37:21,001345,C,0.00,0.34,0.52,0.10,0.04,0.00
2020-02-28 00:37:26,001346,B,0.25,0.73,0.01,0.00,0.00,0.00
2020-02-28 00:37:38,001347,B,0.33,0.35,0.24,0.05,0.02,0.00
2020-02-28 00:38:35,001348,A,0.43,0.38,0.07,0.10,0.01,0.00
2020-02-28 00:38:41,001349,C,0.04,0.12,0.70,0.11,0.03,0.00
2020-02-28 00:38:48,001350,C,0.18,0.15,0.62,0.03,0.02,0.00
2020-02-28 00:38:55,001351,A,0.44,0.36,0.11,0.08,0.01,0.00
2020-02-28 00:41:46,001352,B,0.00,0.43,0.40,0.16,0.01,0.00
2020-02-28 00:41:51,001353,C,0.00,0.42,0.56,0.01,0.00,0.00
2020-02-28 00:42:13,001354,B,0.06,0.52,0.07,0.25,0.01,0.10
2020-02-28 00:42:20,001355,B,0.06,0.85,0.08,0.00,0.00,0.00
2020-02-28 00:42:49,001354,B,0.06,0.52,0.07,0.25,0.01,0.10
2020-02-28 00:42:56,001355,B,0.06,0.85,0.08,0.00,0.00,0.00
2020-02-28 00:43:01,001356,B,0.05,0.89,0.03,0.02,0.00,0.00
2020-02-28 00:43:07,001357,B,0.01,0.79,0.19,0.01,0.00,0.00
2020-02-28 00:43:14,001358,C,0.02,0.30,0.57,0.09,0.03,0.00
