Time,ID,Action,Weight (kg),Weight (g)
2020-01-07 19:11:35,000000,scale reset,0.001,
2020-01-07 19:16:33,,weight checked,-0.036,
2020-01-07 19:21:33,,weight checked,-0.049,
2020-01-07 19:26:34,,weight checked,-0.060,
2020-01-07 19:31:34,,weight checked,-0.063,
2020-01-07 19:36:34,,weight checked,-0.009,
2020-01-07 19:41:35,,weight checked,0.056,
2020-01-07 19:46:35,,weight checked,0.108,
2020-01-07 19:51:36,,weight checked,0.144,
2020-01-07 19:56:36,,weight checked,0.154,
2020-01-07 20:01:37,,weight checked,0.097,
2020-01-07 20:06:37,,weight checked,0.031,
2020-01-07 20:11:38,,weight checked,-0.021,
2020-01-07 20:16:38,,weight checked,-0.049,
2020-01-07 20:21:38,,weight checked,-0.058,
2020-01-07 20:26:39,,weight checked,-0.060,
2020-01-07 20:31:39,,weight checked,-0.070,
2020-01-07 20:35:26,000001,food added,,49.34
2020-01-07 20:36:40,,weight checked,-0.007,
2020-01-07 20:41:40,,weight checked,-0.033,
2020-01-07 20:46:41,,weight checked,-0.051,
2020-01-07 20:51:41,,weight checked,-0.057,
2020-01-07 20:56:42,,weight checked,-0.051,
2020-01-08 06:02:30,,weight checked,0.565,
2020-01-08 06:02:33,000002,scale reset,0.000,
2020-01-08 06:07:30,,weight checked,0.024,
2020-01-08 06:12:31,,weight checked,0.050,
2020-01-08 06:17:31,,weight checked,0.073,
2020-01-08 06:22:31,,weight checked,0.094,
2020-01-08 06:27:32,,weight checked,0.103,
2020-01-08 06:32:32,,weight checked,0.112,
2020-01-08 06:37:33,,weight checked,0.124,
2020-01-08 06:42:33,,weight checked,0.132,
2020-01-08 06:47:34,,weight checked,0.139,
2020-01-08 06:52:34,,weight checked,0.139,
2020-01-08 06:57:35,,weight checked,0.143,
2020-01-08 07:01:31,000003,food added,,22.56
2020-01-08 07:02:35,,weight checked,0.132,
2020-01-08 07:03:42,000004,food added,,20.37
2020-01-08 07:04:49,000005,food added,,74.98
2020-01-08 07:04:51,000006,bin removed,0,
2020-01-08 07:05:31,000007,scale reset,-0.001,
2020-01-08 07:07:35,,weight checked,-0.020,
2020-01-08 07:12:36,,weight checked,-0.026,
2020-01-08 07:17:36,,weight checked,-0.043,
2020-01-08 07:22:37,,weight checked,-0.056,
2020-01-08 07:27:37,,weight checked,-0.068,
2020-01-08 07:32:38,,weight checked,-0.073,
2020-01-08 07:37:38,,weight checked,-0.069,
2020-01-08 07:40:30,000008,food added,,38.13
2020-01-08 07:42:39,,weight checked,-0.032,
2020-01-08 07:47:21,000009,food added,,61.28
2020-01-08 07:47:39,,weight checked,0.048,
2020-01-08 07:50:47,000010,food added,,35.93
2020-01-08 07:50:58,000011,food added,,53.73
2020-01-08 07:52:41,,weight checked,0.196,
2020-01-08 07:52:41,000012,food added,,53.02
2020-01-08 07:57:40,,weight checked,0.235,
2020-01-08 08:00:20,000013,food added,,75.99
2020-01-08 08:02:40,,weight checked,0.314,
2020-01-08 08:05:58,000014,food added,,129.27
2020-01-08 08:07:41,,weight checked,0.445,
2020-01-08 08:12:41,,weight checked,0.451,
2020-01-08 08:17:42,,weight checked,0.451,
2020-01-08 08:21:12,000015,food added,,46.05
2020-01-08 08:21:16,000016,food added,,32.48
2020-01-08 08:22:42,,weight checked,0.572,
2020-01-08 08:24:17,000017,food added,,82.57
2020-01-08 08:24:42,000018,food added,,88.86
2020-01-08 08:27:43,,weight checked,0.751,
2020-01-08 08:32:43,,weight checked,0.780,
2020-01-08 08:37:44,,weight checked,0.793,
2020-01-08 08:38:09,000019,food added,,105.88
2020-01-08 08:42:44,,weight checked,0.894,
2020-01-08 08:43:43,000020,food added,,22.33
2020-01-08 08:47:44,,weight checked,0.918,
2020-01-08 08:49:00,000021,food added,,131.48
2020-01-08 08:49:50,000022,food added,,52.00
2020-01-08 08:51:16,000023,food added,,101.88
2020-01-08 08:52:45,,weight checked,1.168,
2020-01-08 08:57:46,,weight checked,1.289,
2020-01-08 08:57:46,000024,food added,,109.56
2020-01-08 08:57:51,000025,food added,,37.12
2020-01-08 08:58:12,000026,food added,,48.20
2020-01-08 08:58:16,000027,food added,,45.84
2020-01-08 08:59:07,000028,food added,,20.66
2020-01-08 08:59:52,000029,food added,,20.68
2020-01-08 09:00:33,000030,food added,,125.65
2020-01-08 09:02:06,000031,food added,,122.34
2020-01-08 09:02:46,,weight checked,1.683,
2020-01-08 09:03:19,000032,food added,,70.92
2020-01-08 09:05:27,000033,food added,,136.98
2020-01-08 09:07:46,,weight checked,1.878,
2020-01-08 09:11:54,000034,food added,,21.73
2020-01-08 09:12:24,000035,food added,,227.59
2020-01-08 09:12:47,,weight checked,2.119,
2020-01-08 09:13:12,000036,food added,,86.47
2020-01-08 09:15:38,000037,food added,,31.35
2020-01-08 09:17:47,,weight checked,2.265,
2020-01-08 09:22:48,,weight checked,2.284,
2020-01-08 09:23:28,000038,food added,,123.30
2020-01-08 09:27:48,,weight checked,2.434,
2020-01-08 09:30:12,000039,food added,,174.51
2020-01-08 09:32:08,000040,food added,,22.88
2020-01-08 09:32:48,,weight checked,2.644,
2020-01-08 09:37:49,,weight checked,2.652,
2020-01-08 09:42:49,,weight checked,2.657,
2020-01-08 09:47:50,,weight checked,2.673,
2020-01-08 09:49:39,000041,food added,,60.26
2020-01-08 09:52:50,,weight checked,2.722,
2020-01-08 09:54:09,000042,food added,,98.49
2020-01-08 09:57:04,000043,food added,,22.45
2020-01-08 09:57:51,,weight checked,2.827,
2020-01-08 09:58:51,000044,food added,,108.20
2020-01-08 09:59:45,000045,food added,,59.15
2020-01-08 10:01:16,000046,food added,,124.90
2020-01-08 10:02:24,000047,food added,,59.09
2020-01-08 10:02:51,,weight checked,3.160,
2020-01-08 10:03:45,000048,food added,,134.90
2020-01-08 10:04:02,000049,food added,,53.12
2020-01-08 10:07:52,,weight checked,3.351,
2020-01-08 10:12:52,,weight checked,3.338,
2020-01-08 10:17:53,,weight checked,3.344,
2020-01-08 10:22:53,,weight checked,3.358,
2020-01-08 10:27:53,,weight checked,3.374,
2020-01-08 10:28:38,000050,food added,,58.84
2020-01-08 10:29:00,000051,food added,,61.01
2020-01-08 10:32:54,,weight checked,3.447,
2020-01-08 10:33:12,000052,food added,,46.86
2020-01-08 10:33:23,000053,food added,,125.94
2020-01-08 10:37:54,,weight checked,3.607,
2020-01-08 10:42:55,,weight checked,3.619,
2020-01-08 10:45:55,000054,food added,,133.47
2020-01-08 10:47:44,000055,food added,,46.51
2020-01-08 10:47:55,,weight checked,3.787,
2020-01-08 10:49:47,000056,food added,,94.14
2020-01-08 10:49:51,000057,food added,,67.07
2020-01-08 10:49:57,000058,food added,,76.44
2020-01-08 10:52:56,,weight checked,4.048,
2020-01-08 10:57:56,,weight checked,4.063,
2020-01-08 11:02:57,,weight checked,4.061,
2020-01-08 11:07:57,,weight checked,4.068,
2020-01-08 11:10:07,000059,food added,,154.80
2020-01-08 11:11:30,000060,food added,,112.50
2020-01-08 11:12:27,000061,food added,,64.00
2020-01-08 11:12:57,,weight checked,4.391,
2020-01-08 11:14:39,000062,food added,,113.60
2020-01-08 11:15:25,000063,food added,,63.59
2020-01-08 11:16:46,000064,food added,,29.16
2020-01-08 11:17:58,,weight checked,4.601,
2020-01-08 11:22:58,,weight checked,4.599,
2020-01-08 11:24:06,000065,food added,,40.79
2020-01-08 11:24:48,000066,food added,,39.17
2020-01-08 11:27:59,,weight checked,4.701,
2020-01-08 11:32:59,,weight checked,4.728,
2020-01-08 11:38:00,000067,food added,,37.65
2020-01-08 11:38:00,,weight checked,4.796,
2020-01-08 11:40:37,000068,food added,,48.92
2020-01-08 11:41:30,000069,food added,,74.34
2020-01-08 11:42:13,000070,food added,,91.89
2020-01-08 11:43:00,,weight checked,5.040,
2020-01-08 11:48:01,,weight checked,5.058,
2020-01-08 11:53:01,,weight checked,5.068,
2020-01-08 11:54:09,000071,food added,,171.14
2020-01-08 11:54:15,000072,food added,,123.02
2020-01-08 11:56:17,000073,food added,,85.20
2020-01-08 11:56:57,000074,food added,,20.92
2020-01-08 11:58:01,,weight checked,5.443,
2020-01-08 11:59:57,000075,food added,,31.84
2020-01-08 12:03:02,,weight checked,5.513,
2020-01-08 12:08:02,,weight checked,5.529,
2020-01-08 12:13:03,,weight checked,5.542,
2020-01-08 12:15:07,000076,food added,,85.37
2020-01-08 12:17:05,000077,food added,,42.35
2020-01-08 12:17:39,000078,food added,,60.14
2020-01-08 12:18:03,,weight checked,5.775,
2020-01-08 12:20:37,000079,food added,,62.59
2020-01-08 12:20:40,000080,food added,,29.09
2020-01-08 12:21:38,000081,food added,,25.82
2020-01-08 12:22:36,000082,food added,,133.52
2020-01-08 12:23:04,,weight checked,6.063,
2020-01-08 12:23:24,000083,food added,,65.21
2020-01-08 12:23:45,000084,food added,,154.29
2020-01-08 12:24:59,000085,food added,,34.47
2020-01-08 12:25:05,000086,food added,,56.82
2020-01-08 12:26:09,000087,food added,,183.18
2020-01-08 12:26:23,000088,food added,,160.84
2020-01-08 12:27:02,000089,food added,,103.76
2020-01-08 12:28:04,,weight checked,6.751,
2020-01-08 12:28:08,000090,food added,,33.09
2020-01-08 12:30:22,000091,food added,,28.69
2020-01-08 12:30:28,000092,food added,,72.02
2020-01-08 12:30:35,000093,food added,,39.93
2020-01-08 12:30:55,000094,food added,,26.39
2020-01-08 12:30:58,000095,food added,,54.65
2020-01-08 12:31:14,000096,food added,,33.95
2020-01-08 12:31:22,000097,food added,,88.19
2020-01-08 12:33:05,,weight checked,7.194,
2020-01-08 12:33:47,000098,food added,,387.55
2020-01-08 12:35:11,000099,food added,,80.89
2020-01-08 12:36:49,000100,food added,,89.80
2020-01-08 12:37:30,000101,food added,,28.05
2020-01-08 12:38:05,,weight checked,7.827,
2020-01-08 12:38:21,000102,food added,,59.30
2020-01-08 12:43:06,,weight checked,7.929,
2020-01-08 12:43:40,000103,food added,,103.80
2020-01-08 12:45:35,000104,food added,,282.71
2020-01-08 12:46:08,000105,food added,,47.30
2020-01-08 12:46:56,000106,food added,,28.40
2020-01-08 12:47:32,000107,food added,,66.69
2020-01-08 12:48:06,,weight checked,8.616,
2020-01-08 12:53:06,,weight checked,8.693,
2020-01-08 12:55:44,000108,food added,,41.65
2020-01-08 12:55:52,000109,food added,,120.62
2020-01-08 12:56:44,000110,food added,,32.31
2020-01-08 12:56:50,000111,food added,,152.15
2020-01-08 12:58:07,,weight checked,9.082,
2020-01-08 12:59:54,000112,food added,,40.12
2020-01-08 12:59:59,000113,food added,,23.94
2020-01-08 13:00:51,000114,food added,,46.61
2020-01-08 13:00:58,000115,food added,,108.64
2020-01-08 13:03:07,,weight checked,9.353,
2020-01-08 13:05:59,000116,food added,,127.85
2020-01-08 13:06:18,000117,food added,,29.96
2020-01-08 13:08:08,,weight checked,9.522,
2020-01-08 13:13:08,,weight checked,9.522,
2020-01-08 13:15:45,000118,food added,,141.50
2020-01-08 13:16:39,000119,food added,,32.28
2020-01-08 13:17:13,000120,food added,,207.77
2020-01-08 13:18:09,,weight checked,9.925,
2020-01-08 13:18:27,000121,food added,,107.28
2020-01-08 13:18:52,000122,food added,,133.12
2020-01-08 13:19:07,000123,food added,,31.22
2020-01-08 13:19:53,000124,food added,,194.39
2020-01-08 13:23:09,,weight checked,10.355,
2020-01-08 13:23:23,000125,food added,,84.97
2020-01-08 13:23:28,000126,food added,,135.63
2020-01-08 13:23:41,000127,food added,,31.48
2020-01-08 13:24:00,000128,food added,,100.71
2020-01-08 13:26:23,000129,food added,,156.74
2020-01-08 13:26:46,000130,food added,,176.01
2020-01-08 13:28:10,,weight checked,10.945,
2020-01-08 13:28:16,000131,food added,,84.22
2020-01-08 13:29:28,000132,food added,,68.69
2020-01-08 13:29:33,000133,food added,,50.91
2020-01-08 13:29:49,000134,food added,,25.37
2020-01-08 13:30:46,000135,food added,,88.34
2020-01-08 13:31:01,000136,food added,,90.86
2020-01-08 13:33:10,,weight checked,11.385,
2020-01-08 13:34:56,000137,food added,,35.80
2020-01-08 13:36:50,000138,food added,,70.91
2020-01-08 13:38:12,,weight checked,11.588,
2020-01-08 13:38:12,000139,food added,,107.66
2020-01-08 13:38:23,000140,food added,,62.67
2020-01-08 13:41:33,000141,food added,,38.62
2020-01-08 13:43:11,,weight checked,11.705,
2020-01-08 13:44:08,000142,food added,,62.64
2020-01-08 13:44:14,000143,food added,,82.50
2020-01-08 13:48:11,,weight checked,11.857,
2020-01-08 13:51:33,000144,food added,,69.95
2020-01-08 13:53:12,,weight checked,11.935,
2020-01-08 13:55:08,000145,food added,,37.11
2020-01-08 13:55:21,000146,food added,,75.68
2020-01-08 13:56:05,000147,food added,,116.26
2020-01-08 13:58:12,,weight checked,12.121,
2020-01-08 13:59:11,000148,food added,,78.81
2020-01-08 13:59:59,000149,food added,,161.87
2020-01-08 14:02:00,000150,food added,,52.06
2020-01-08 14:03:13,,weight checked,12.408,
2020-01-08 14:03:31,000151,food added,,56.91
2020-01-08 14:03:40,000152,food added,,88.01
2020-01-08 14:04:53,000153,food added,,37.30
2020-01-08 14:08:13,,weight checked,12.534,
2020-01-08 14:10:16,000154,food added,,102.02
2020-01-08 14:13:14,,weight checked,12.622,
2020-01-08 14:18:14,,weight checked,12.648,
2020-01-08 14:23:14,,weight checked,12.634,
2020-01-08 14:28:15,,weight checked,12.668,
2020-01-08 14:29:04,000155,food added,,35.18
2020-01-08 14:29:56,000156,food added,,93.14
2020-01-08 14:31:12,000157,food added,,84.07
2020-01-08 14:33:15,,weight checked,12.905,
2020-01-08 14:38:16,,weight checked,12.949,
2020-01-08 14:43:16,,weight checked,12.971,
2020-01-08 14:48:17,,weight checked,12.975,
2020-01-08 14:48:42,000158,food added,,27.68
2020-01-08 14:48:44,000159,food added,,76.10
2020-01-08 14:53:17,,weight checked,12.949,
2020-01-08 14:58:18,,weight checked,12.952,
2020-01-08 15:03:18,,weight checked,12.962,
2020-01-08 15:08:19,,weight checked,12.984,
2020-01-08 15:13:19,,weight checked,12.984,
2020-01-08 15:18:19,,weight checked,12.962,
2020-01-08 15:19:27,000160,food added,,37.82
2020-01-08 15:23:20,,weight checked,12.988,
2020-01-08 15:25:36,000161,food added,,77.36
2020-01-08 15:26:41,000162,food added,,173.11
2020-01-08 15:28:20,,weight checked,13.208,
2020-01-08 15:32:19,000163,food added,,136.05
2020-01-08 15:33:21,,weight checked,13.335,
2020-01-08 15:38:21,,weight checked,13.312,
2020-01-08 15:43:22,,weight checked,13.312,
2020-01-08 15:48:22,,weight checked,13.295,
2020-01-08 15:53:23,,weight checked,13.313,
2020-01-08 15:57:09,000164,food added,,135.14
2020-01-08 15:58:23,,weight checked,13.484,
2020-01-08 16:03:24,,weight checked,13.510,
2020-01-08 16:08:24,,weight checked,13.539,
2020-01-08 16:08:48,000165,food added,,53.42
2020-01-08 16:08:55,000166,food added,,65.79
2020-01-08 16:13:24,,weight checked,13.661,
2020-01-08 16:18:25,,weight checked,13.672,
2020-01-08 16:23:25,,weight checked,13.669,
2020-01-08 16:28:26,,weight checked,13.643,
2020-01-08 16:33:26,,weight checked,13.615,
2020-01-08 16:38:27,,weight checked,13.605,
2020-01-08 16:43:27,,weight checked,13.618,
2020-01-08 16:48:28,,weight checked,13.659,
2020-01-08 16:53:28,,weight checked,13.704,
2020-01-08 16:58:28,,weight checked,13.736,
2020-01-08 17:03:29,,weight checked,13.740,
2020-01-08 17:05:40,000167,food added,,142.71
2020-01-08 17:08:29,,weight checked,13.904,
2020-01-08 17:11:17,000168,food added,,104.63
2020-01-08 17:12:17,000169,food added,,120.17
2020-01-08 17:13:30,,weight checked,14.114,
2020-01-08 17:18:21,000170,food added,,24.97
2020-01-08 17:18:30,,weight checked,14.143,
2020-01-08 17:23:17,000171,food added,,28.96
2020-01-08 17:23:31,,weight checked,14.162,
2020-01-08 17:24:24,000172,food added,,92.31
2020-01-08 17:24:55,000173,food added,,107.29
2020-01-08 17:25:54,000174,food added,,231.74
2020-01-08 17:26:58,000175,food added,,28.41
2020-01-08 17:27:45,000176,food added,,69.41
2020-01-08 17:28:31,,weight checked,14.670,
2020-01-08 17:33:20,000177,food added,,143.73
2020-01-08 17:33:32,,weight checked,14.788,
2020-01-08 17:37:11,000178,food added,,135.44
2020-01-08 17:37:16,000179,food added,,193.67
2020-01-08 17:37:27,000180,food added,,92.16
2020-01-08 17:37:35,000181,food added,,85.34
2020-01-08 17:37:41,000182,food added,,49.12
2020-01-08 17:38:28,000183,food added,,180.87
2020-01-08 17:38:32,,weight checked,15.461,
2020-01-08 17:38:47,000184,food added,,321.29
2020-01-08 17:38:59,000185,food added,,104.47
2020-01-08 17:39:23,000186,food added,,123.06
2020-01-08 17:42:20,000187,food added,,30.35
2020-01-08 17:43:32,,weight checked,15.959,
2020-01-08 17:44:55,000188,food added,,124.36
2020-01-08 17:45:42,000189,food added,,26.21
2020-01-08 17:45:50,000190,food added,,44.74
2020-01-08 17:47:36,000191,food added,,182.47
2020-01-08 17:48:33,,weight checked,16.338,
2020-01-08 17:49:50,000192,food added,,23.97
2020-01-08 17:50:00,000193,food added,,54.98
2020-01-08 17:50:08,000194,food added,,233.52
2020-01-08 17:50:13,000195,food added,,23.78
2020-01-08 17:50:23,000196,food added,,30.16
2020-01-08 17:50:29,000197,food added,,174.15
2020-01-08 17:53:33,,weight checked,16.840,
2020-01-08 17:54:53,000198,food added,,43.83
2020-01-08 17:58:32,000199,food added,,159.94
2020-01-08 17:58:34,,weight checked,17.022,
2020-01-08 17:58:40,000200,food added,,130.62
2020-01-08 17:59:01,000201,food added,,53.74
2020-01-08 18:02:26,000202,food added,,23.61
2020-01-08 18:03:08,000203,food added,,60.19
2020-01-08 18:03:34,,weight checked,17.230,
2020-01-08 18:04:05,000204,food added,,33.39
2020-01-08 18:04:07,000205,food added,,74.80
2020-01-08 18:08:35,,weight checked,17.332,
2020-01-08 18:08:40,000206,food added,,2255.45
2020-01-08 18:12:43,000207,food added,,292.82
2020-01-08 18:12:53,000208,food added,,171.98
2020-01-08 18:13:35,,weight checked,17.743,
2020-01-08 18:13:40,000209,food added,,2275.80
2020-01-08 18:14:02,000210,food added,,65.95
2020-01-08 18:14:20,000211,food added,,50.43
2020-01-08 18:18:14,000212,food added,,97.53
2020-01-08 18:18:36,,weight checked,17.959,
2020-01-08 18:18:45,000213,food added,,168.32
2020-01-08 18:23:36,,weight checked,18.097,
2020-01-08 18:24:32,000214,food added,,214.68
2020-01-08 18:24:46,000215,food added,,236.62
2020-01-08 18:25:20,000216,food added,,42.28
2020-01-08 18:25:26,000217,food added,,124.54
2020-01-08 18:25:31,000218,food added,,101.62
2020-01-08 18:27:00,000219,food added,,205.99
2020-01-08 18:28:36,,weight checked,18.999,
2020-01-08 18:30:13,000220,food added,,46.98
2020-01-08 18:30:24,000221,food added,,29.18
2020-01-08 18:32:11,000222,food added,,95.37
2020-01-08 18:32:25,000223,food added,,25.09
2020-01-08 18:33:37,,weight checked,19.197,
2020-01-08 18:33:40,000224,food added,,397.70
2020-01-08 18:34:09,000225,food added,,268.48
2020-01-08 18:35:07,000226,food added,,27.14
2020-01-08 18:36:23,000227,food added,,59.05
2020-01-08 18:37:28,000228,food added,,170.66
2020-01-08 18:38:37,,weight checked,20.011,
2020-01-08 18:41:18,000229,food added,,40.20
2020-01-08 18:42:13,000230,food added,,84.70
2020-01-08 18:43:38,,weight checked,20.147,
2020-01-08 18:44:10,000231,food added,,284.48
2020-01-08 18:48:38,,weight checked,20.410,
2020-01-08 18:49:48,000232,food added,,94.23
2020-01-08 18:50:55,000233,food added,,71.72
2020-01-08 18:53:39,,weight checked,20.585,
2020-01-08 18:54:10,000234,food added,,142.00
2020-01-08 18:54:32,000235,food added,,85.40
2020-01-08 18:54:39,000236,food added,,170.28
2020-01-08 18:54:47,000237,food added,,90.49
2020-01-08 18:55:23,000238,food added,,21.72
2020-01-08 18:56:10,000239,food added,,81.70
2020-01-08 18:56:47,000240,food added,,83.05
2020-01-08 18:57:32,000241,food added,,122.93
2020-01-08 18:58:13,000242,food added,,42.82
2020-01-08 18:58:19,000243,food added,,65.76
2020-01-08 18:58:39,,weight checked,21.441,
2020-01-08 18:59:47,000244,food added,,33.42
2020-01-08 18:59:58,000245,food added,,23.60
2020-01-08 19:00:15,000246,food added,,48.36
2020-01-08 19:00:31,000247,food added,,58.57
2020-01-08 19:03:40,,weight checked,21.583,
2020-01-08 19:08:40,,weight checked,21.576,
2020-01-08 19:09:09,000248,food added,,47.83
2020-01-08 19:11:53,000249,food added,,26.59
2020-01-08 19:11:57,000250,food added,,140.02
2020-01-08 19:12:06,000251,food added,,149.54
2020-01-08 19:13:00,000252,food added,,293.61
2020-01-08 19:13:41,,weight checked,22.189,
2020-01-08 19:14:25,000253,food added,,61.23
2020-01-08 19:18:41,,weight checked,22.208,
2020-01-08 19:22:01,000254,food added,,31.29
2020-01-08 19:22:08,000255,food added,,61.55
2020-01-08 19:23:41,,weight checked,22.303,
2020-01-08 19:24:05,000256,food added,,106.64
2020-01-08 19:25:20,000257,food added,,49.72
2020-01-08 19:28:38,000258,food added,,22.80
2020-01-08 19:28:42,,weight checked,22.447,
2020-01-08 19:31:41,000259,food added,,44.41
2020-01-08 19:31:52,000260,food added,,117.63
2020-01-08 19:33:42,,weight checked,22.590,
2020-01-08 19:34:51,000261,food added,,140.57
2020-01-08 19:36:18,000262,food added,,161.02
2020-01-08 19:37:43,000263,food added,,84.29
2020-01-08 19:38:43,,weight checked,22.906,
2020-01-08 19:43:43,,weight checked,22.885,
2020-01-08 19:48:44,,weight checked,22.878,
2020-01-08 19:53:44,,weight checked,22.861,
2020-01-08 19:58:25,000264,food added,,83.37
2020-01-08 19:58:27,000265,food added,,176.62
2020-01-08 19:58:29,000266,bin removed,22.781,
2020-01-08 20:05:44,000267,scale reset,-0.006,
2020-01-08 20:05:44,,weight checked,-0.006,
2020-01-08 20:05:44,,weight checked,-0.006,
2020-01-08 20:08:46,,weight checked,-0.130,
2020-01-08 20:13:46,,weight checked,-0.296,
2020-01-08 20:18:46,,weight checked,-0.389,
2020-01-08 20:23:47,,weight checked,-0.453,
2020-01-08 20:28:47,,weight checked,-0.489,
2020-01-08 20:33:48,,weight checked,-0.524,
2020-01-08 20:38:48,,weight checked,-0.553,
2020-01-08 20:43:49,,weight checked,-0.586,
2020-01-08 20:48:49,,weight checked,-0.646,
2020-01-08 20:53:49,,weight checked,-0.688,
2020-01-08 20:58:50,,weight checked,-0.723,
2020-01-09 06:04:38,,weight checked,-0.021,
2020-01-09 06:04:41,000268,scale reset,0.000,
2020-01-09 06:09:38,,weight checked,0.020,
2020-01-09 06:14:39,,weight checked,0.037,
2020-01-09 06:19:39,,weight checked,0.054,
2020-01-09 06:24:40,,weight checked,0.073,
2020-01-09 06:29:40,,weight checked,0.089,
2020-01-09 06:34:41,,weight checked,0.106,
2020-01-09 06:39:41,,weight checked,0.109,
2020-01-09 06:44:42,,weight checked,0.105,
2020-01-09 06:49:42,,weight checked,0.111,
2020-01-09 06:54:42,,weight checked,0.120,
2020-01-09 06:59:43,,weight checked,0.131,
2020-01-09 07:04:33,000269,bin removed,0,
2020-01-09 07:05:15,000270,scale reset,-0.002,
2020-01-09 07:05:15,,weight checked,-0.002,
2020-01-09 07:09:44,,weight checked,-0.055,
2020-01-09 07:14:44,,weight checked,-0.015,
2020-01-09 07:19:45,,weight checked,0.025,
2020-01-09 07:24:45,,weight checked,0.066,
2020-01-09 07:29:46,,weight checked,0.115,
2020-01-09 07:34:46,,weight checked,0.160,
2020-01-09 07:39:46,,weight checked,0.217,
2020-01-09 07:40:02,000271,food added,,248.47
2020-01-09 07:43:27,000272,food added,,55.71
2020-01-09 07:43:32,000273,food added,,57.78
2020-01-09 07:44:10,000274,food added,,132.86
2020-01-09 07:44:15,000275,food added,,64.83
2020-01-09 07:44:47,,weight checked,0.775,
2020-01-09 07:49:11,000276,food added,,32.60
2020-01-09 07:49:47,,weight checked,0.887,
2020-01-09 07:50:43,000277,food added,,33.57
2020-01-09 07:50:54,000278,food added,,34.63
2020-01-09 07:51:44,000279,food added,,21.92
2020-01-09 07:51:57,000280,food added,,37.25
2020-01-09 07:54:48,,weight checked,1.133,
2020-01-09 07:55:20,000281,food added,,71.89
2020-01-09 07:56:20,000282,food added,,43.37
2020-01-09 07:58:39,000283,food added,,30.99
2020-01-09 07:59:48,,weight checked,1.321,
2020-01-09 08:00:12,000284,food added,,40.67
2020-01-09 08:02:47,000285,food added,,67.14
2020-01-09 08:04:49,,weight checked,1.492,
2020-01-09 08:05:53,000286,food added,,39.18
2020-01-09 08:09:49,,weight checked,1.579,
2020-01-09 08:14:49,,weight checked,1.597,
2020-01-09 08:19:50,,weight checked,1.610,
2020-01-09 08:24:50,,weight checked,1.572,
2020-01-09 08:29:51,,weight checked,1.573,
2020-01-09 08:30:03,000287,food added,,94.25
2020-01-09 08:34:51,,weight checked,1.652,
2020-01-09 08:38:33,000288,food added,,60.74
2020-01-09 08:39:52,,weight checked,1.708,
2020-01-09 08:44:52,,weight checked,1.698,
2020-01-09 08:49:34,000289,food added,,107.16
2020-01-09 08:49:53,,weight checked,1.800,
2020-01-09 08:49:57,000290,food added,,174.44
2020-01-09 08:51:35,000291,food added,,106.99
2020-01-09 08:54:42,000292,food added,,69.59
2020-01-09 08:54:53,,weight checked,2.086,
2020-01-09 08:57:56,000293,food added,,62.20
2020-01-09 08:59:54,,weight checked,2.063,
2020-01-09 09:04:54,,weight checked,2.057,
2020-01-09 09:05:48,000294,food added,,247.82
2020-01-09 09:07:32,000295,food added,,176.51
2020-01-09 09:09:23,000296,food added,,77.75
2020-01-09 09:09:37,000297,food added,,28.97
2020-01-09 09:09:54,,weight checked,2.492,
2020-01-09 09:14:55,,weight checked,2.522,
2020-01-09 09:15:48,000298,food added,,37.24
2020-01-09 09:15:52,000299,food added,,315.36
2020-01-09 09:17:50,000300,food added,,90.32
2020-01-09 09:19:14,000301,food added,,42.13
2020-01-09 09:19:21,000302,food added,,251.40
2020-01-09 09:19:55,,weight checked,3.225,
2020-01-09 09:20:32,000303,food added,,104.14
2020-01-09 09:24:56,,weight checked,3.379,
2020-01-09 09:29:56,,weight checked,3.421,
2020-01-09 09:34:35,000304,food added,,142.07
2020-01-09 09:34:54,000305,food added,,42.36
2020-01-09 09:34:57,,weight checked,3.648,
2020-01-09 09:37:23,000306,food added,,49.39
2020-01-09 09:39:57,,weight checked,3.796,
2020-01-09 09:42:06,000307,food added,,65.38
2020-01-09 09:44:58,,weight checked,3.924,
2020-01-09 09:49:04,000308,food added,,147.46
2020-01-09 09:49:58,,weight checked,4.114,
2020-01-09 09:50:03,000309,food added,,1591.72
2020-01-09 09:54:58,,weight checked,4.100,
2020-01-09 09:57:55,000310,food added,,74.84
2020-01-09 09:59:59,,weight checked,4.199,
2020-01-09 10:04:59,,weight checked,4.194,
2020-01-09 10:10:00,,weight checked,4.193,
2020-01-09 10:15:00,,weight checked,4.187,
2020-01-09 10:20:01,,weight checked,4.176,
2020-01-09 10:25:01,,weight checked,4.118,
2020-01-09 10:26:16,000311,food added,,202.21
2020-01-09 10:29:25,000312,food added,,117.72
2020-01-09 10:30:02,,weight checked,4.319,
2020-01-09 10:34:54,000313,food added,,77.51
2020-01-09 10:35:02,,weight checked,4.374,
2020-01-09 10:40:02,,weight checked,4.412,
2020-01-09 10:45:03,,weight checked,4.489,
2020-01-09 10:50:03,,weight checked,4.563,
2020-01-09 10:55:04,,weight checked,4.624,
2020-01-09 11:00:04,,weight checked,4.673,
2020-01-09 11:00:31,000314,food added,,21.43
2020-01-09 11:05:05,,weight checked,4.719,
2020-01-09 11:10:05,,weight checked,4.691,
2020-01-09 11:13:36,000315,food added,,77.62
2020-01-09 11:13:40,000316,food added,,102.54
2020-01-09 11:13:46,000317,food added,,154.14
2020-01-09 11:15:06,,weight checked,4.957,
2020-01-09 11:20:06,,weight checked,4.922,
2020-01-09 11:22:38,000318,food added,,215.57
2020-01-09 11:23:46,000319,food added,,127.60
2020-01-09 11:24:59,000320,food added,,89.43
2020-01-09 11:25:07,,weight checked,5.309,
2020-01-09 11:30:07,,weight checked,5.328,
2020-01-09 11:31:14,000321,food added,,21.67
2020-01-09 11:31:28,000322,food added,,174.59
2020-01-09 11:31:45,000323,food added,,44.86
2020-01-09 11:34:30,000324,food added,,27.33
2020-01-09 11:35:07,,weight checked,5.649,
2020-01-09 11:35:43,000325,food added,,93.65
2020-01-09 11:36:23,000326,food added,,67.27
2020-01-09 11:40:08,,weight checked,5.801,
2020-01-09 11:45:08,,weight checked,5.807,
2020-01-09 11:48:12,000327,food added,,158.03
2020-01-09 11:48:22,000328,food added,,192.78
2020-01-09 11:48:27,000329,food added,,46.10
2020-01-09 11:49:40,000330,food added,,147.22
2020-01-09 11:49:47,000331,food added,,32.23
2020-01-09 11:49:50,000332,food added,,87.71
2020-01-09 11:49:54,000333,food added,,32.74
2020-01-09 11:50:09,,weight checked,6.488,
2020-01-09 11:54:15,000334,food added,,168.80
2020-01-09 11:54:31,000335,food added,,34.89
2020-01-09 11:55:09,,weight checked,6.713,
2020-01-09 11:57:39,000336,food added,,32.04
2020-01-09 11:58:21,000337,food added,,98.87
2020-01-09 11:59:24,000338,food added,,27.06
2020-01-09 12:00:10,,weight checked,6.897,
2020-01-09 12:04:02,000339,food added,,54.35
2020-01-09 12:05:10,,weight checked,7.010,
2020-01-09 12:06:33,000340,food added,,47.50
2020-01-09 12:10:11,,weight checked,7.132,
2020-01-09 12:15:11,,weight checked,7.178,
2020-01-09 12:16:59,000341,food added,,62.55
2020-01-09 12:18:50,000342,food added,,98.11
2020-01-09 12:20:11,,weight checked,7.393,
2020-01-09 12:20:35,000343,food added,,51.08
2020-01-09 12:20:42,000344,food added,,134.16
2020-01-09 12:20:57,000345,food added,,98.12
2020-01-09 12:21:02,000346,food added,,21.20
2020-01-09 12:21:47,000347,food added,,37.47
2020-01-09 12:23:12,000348,food added,,27.10
2020-01-09 12:23:18,000349,food added,,72.11
2020-01-09 12:24:13,000350,food added,,44.76
2020-01-09 12:25:12,,weight checked,7.962,
2020-01-09 12:28:01,000351,food added,,57.87
2020-01-09 12:30:09,000352,food added,,148.38
2020-01-09 12:30:12,,weight checked,8.190,
2020-01-09 12:30:29,000353,food added,,103.88
2020-01-09 12:31:22,000354,food added,,249.08
2020-01-09 12:31:44,000355,food added,,26.33
2020-01-09 12:31:47,000356,food added,,73.64
2020-01-09 12:33:38,000357,food added,,1797.15
2020-01-09 12:33:42,000358,food added,,196.22
2020-01-09 12:34:12,000359,food added,,80.48
2020-01-09 12:35:13,,weight checked,8.397,
2020-01-09 12:36:16,000360,food added,,34.02
2020-01-09 12:37:17,000361,food added,,126.30
2020-01-09 12:37:51,000362,food added,,37.37
2020-01-09 12:37:54,000363,food added,,121.69
2020-01-09 12:38:20,000364,food added,,127.35
2020-01-09 12:38:27,000365,food added,,45.20
2020-01-09 12:38:48,000366,food added,,233.94
2020-01-09 12:38:55,000367,food added,,195.93
2020-01-09 12:39:15,000368,food added,,99.58
2020-01-09 12:40:13,,weight checked,9.341,
2020-01-09 12:40:55,000369,food added,,137.01
2020-01-09 12:41:11,000370,food added,,219.53
2020-01-09 12:42:30,000371,food added,,86.22
2020-01-09 12:42:56,000372,food added,,91.36
2020-01-09 12:43:14,000373,food added,,30.63
2020-01-09 12:43:18,000374,food added,,62.65
2020-01-09 12:44:24,000375,food added,,131.82
2020-01-09 12:45:14,,weight checked,10.052,
2020-01-09 12:46:09,000376,food added,,96.26
2020-01-09 12:46:58,000377,food added,,105.43
2020-01-09 12:47:29,000378,food added,,206.89
2020-01-09 12:47:49,000379,food added,,75.15
2020-01-09 12:48:03,000380,food added,,200.96
2020-01-09 12:48:14,000381,food added,,117.82
2020-01-09 12:48:18,000382,food added,,79.95
2020-01-09 12:48:42,000383,food added,,36.99
2020-01-09 12:48:55,000384,food added,,179.09
2020-01-09 12:49:10,000385,food added,,50.02
2020-01-09 12:49:18,000386,food added,,180.75
2020-01-09 12:49:50,000387,food added,,199.00
2020-01-09 12:50:02,000388,food added,,61.83
2020-01-09 12:50:12,000389,food added,,113.87
2020-01-09 12:50:14,,weight checked,11.693,
2020-01-09 12:50:19,000390,food added,,100.14
2020-01-09 12:50:32,000391,food added,,61.35
2020-01-09 12:50:54,000392,food added,,42.23
2020-01-09 12:51:01,000393,food added,,149.67
2020-01-09 12:51:11,000394,food added,,56.26
2020-01-09 12:52:02,000395,food added,,22.89
2020-01-09 12:53:05,000396,food added,,162.35
2020-01-09 12:54:24,000397,food added,,69.97
2020-01-09 12:55:12,000398,food added,,73.36
2020-01-09 12:55:14,,weight checked,12.396,
2020-01-09 12:55:22,000399,food added,,245.22
2020-01-09 12:56:30,000400,food added,,236.08
2020-01-09 12:57:32,000401,food added,,78.18
2020-01-09 13:00:15,,weight checked,12.965,
2020-01-09 13:00:45,000402,food added,,261.93
2020-01-09 13:00:50,000403,food added,,61.18
2020-01-09 13:01:45,000404,food added,,202.06
2020-01-09 13:04:09,000405,food added,,77.66
2020-01-09 13:05:15,,weight checked,13.640,
2020-01-09 13:10:16,,weight checked,13.570,
2020-01-09 13:10:21,000406,food added,,328.05
2020-01-09 13:15:16,,weight checked,13.798,
2020-01-09 13:16:00,000407,food added,,364.58
2020-01-09 13:17:40,000408,food added,,113.61
2020-01-09 13:18:11,000409,food added,,20.93
2020-01-09 13:20:17,,weight checked,14.171,
2020-01-09 13:22:06,000410,food added,,74.87
2020-01-09 13:23:20,000411,food added,,112.30
2020-01-09 13:23:34,000412,food added,,37.17
2020-01-09 13:25:17,,weight checked,14.383,
2020-01-09 13:25:38,000413,food added,,249.39
2020-01-09 13:28:32,000414,food added,,103.51
2020-01-09 13:30:18,,weight checked,14.620,
2020-01-09 13:31:03,000415,food added,,205.19
2020-01-09 13:32:39,000416,food added,,99.84
2020-01-09 13:34:05,000417,food added,,85.93
2020-01-09 13:34:20,000418,food added,,52.48
2020-01-09 13:34:23,000419,food added,,89.94
2020-01-09 13:35:18,,weight checked,15.047,
2020-01-09 13:35:52,000420,food added,,67.20
2020-01-09 13:39:46,000421,food added,,261.41
2020-01-09 13:39:53,000422,food added,,78.20
2020-01-09 13:40:19,,weight checked,15.441,
2020-01-09 13:44:56,000423,food added,,137.50
2020-01-09 13:45:19,,weight checked,15.430,
2020-01-09 13:46:53,000424,food added,,171.92
2020-01-09 13:48:39,000425,food added,,225.42
2020-01-09 13:50:19,,weight checked,15.797,
2020-01-09 13:52:25,000426,food added,,35.29
2020-01-09 13:55:20,,weight checked,15.815,
2020-01-09 13:57:22,000427,food added,,74.02
2020-01-09 13:57:38,000428,food added,,201.52
2020-01-09 13:58:40,000429,food added,,170.03
2020-01-09 13:58:46,000430,food added,,100.85
2020-01-09 14:00:20,,weight checked,16.317,
2020-01-09 14:01:31,000431,food added,,103.62
2020-01-09 14:01:40,000432,food added,,21.78
2020-01-09 14:05:21,,weight checked,16.396,
2020-01-09 14:08:45,000433,food added,,241.35
2020-01-09 14:10:21,,weight checked,16.583,
2020-01-09 14:12:59,000434,food added,,109.78
2020-01-09 14:15:22,,weight checked,16.657,
2020-01-09 14:20:22,,weight checked,16.667,
2020-01-09 14:25:23,,weight checked,16.689,
2020-01-09 14:30:23,,weight checked,16.690,
2020-01-09 14:35:23,,weight checked,16.693,
2020-01-09 14:37:06,000435,food added,,29.50
2020-01-09 14:39:14,000436,food added,,125.65
2020-01-09 14:39:51,000437,food added,,84.14
2020-01-09 14:40:24,,weight checked,16.956,
2020-01-09 14:45:24,,weight checked,16.958,
2020-01-09 14:48:18,000438,food added,,135.33
2020-01-09 14:50:25,,weight checked,16.706,
2020-01-09 14:55:25,,weight checked,16.740,
2020-01-09 15:00:26,,weight checked,16.761,
2020-01-09 15:05:26,,weight checked,16.774,
2020-01-09 15:10:27,,weight checked,16.800,
2020-01-09 15:15:27,,weight checked,16.826,
2020-01-09 15:20:28,,weight checked,16.857,
2020-01-09 15:25:17,000439,food added,,146.17
2020-01-09 15:25:28,,weight checked,17.027,
2020-01-09 15:30:28,,weight checked,17.040,
2020-01-09 15:35:29,,weight checked,17.045,
2020-01-09 15:39:57,000440,food added,,130.25
2020-01-09 15:40:29,,weight checked,17.170,
2020-01-09 15:45:30,,weight checked,17.166,
2020-01-09 15:50:30,,weight checked,17.159,
2020-01-09 15:55:31,,weight checked,17.174,
2020-01-09 16:00:31,,weight checked,17.169,
2020-01-09 16:05:32,,weight checked,17.158,
2020-01-09 16:10:32,,weight checked,17.162,
2020-01-09 16:15:33,,weight checked,17.189,
2020-01-09 16:20:33,,weight checked,17.211,
2020-01-09 16:25:33,,weight checked,17.254,
2020-01-09 16:30:34,,weight checked,17.271,
2020-01-09 16:35:34,,weight checked,17.282,
2020-01-09 16:35:55,000441,food added,,54.51
2020-01-09 16:40:35,,weight checked,17.306,
2020-01-09 16:45:35,,weight checked,17.269,
2020-01-09 16:50:36,,weight checked,17.231,
2020-01-09 16:55:36,,weight checked,17.208,
2020-01-09 17:00:37,,weight checked,17.210,
2020-01-09 17:05:37,,weight checked,17.225,
2020-01-09 17:10:37,,weight checked,17.242,
2020-01-09 17:15:38,,weight checked,17.246,
2020-01-09 17:15:42,000442,food added,,121.67
2020-01-09 17:15:59,000443,food added,,212.28
2020-01-09 17:18:20,000444,food added,,114.81
2020-01-09 17:20:29,000445,food added,,64.80
2020-01-09 17:20:38,,weight checked,17.782,
2020-01-09 17:25:39,,weight checked,17.778,
2020-01-09 17:26:01,000446,food added,,63.75
2020-01-09 17:28:26,000447,food added,,55.60
2020-01-09 17:30:39,,weight checked,17.933,
2020-01-09 17:31:51,000448,food added,,214.06
2020-01-09 17:33:44,000449,food added,,54.79
2020-01-09 17:34:50,000450,food added,,184.37
2020-01-09 17:35:40,,weight checked,18.395,
2020-01-09 17:36:32,000451,food added,,70.91
2020-01-09 17:37:49,000452,food added,,80.45
2020-01-09 17:37:58,000453,food added,,45.90
2020-01-09 17:39:19,000454,food added,,151.18
2020-01-09 17:39:46,000455,food added,,134.04
2020-01-09 17:40:40,,weight checked,18.921,
2020-01-09 17:41:09,000456,food added,,35.78
2020-01-09 17:42:42,000457,food added,,47.19
2020-01-09 17:45:41,,weight checked,18.989,
2020-01-09 17:47:01,000458,food added,,65.66
2020-01-09 17:50:41,,weight checked,19.050,
2020-01-09 17:52:07,000459,food added,,69.02
2020-01-09 17:52:12,000460,food added,,113.08
2020-01-09 17:53:15,000461,food added,,30.87
2020-01-09 17:53:17,000462,food added,,65.95
2020-01-09 17:53:35,000463,food added,,172.19
2020-01-09 17:54:23,000464,food added,,41.34
2020-01-09 17:54:36,000465,food added,,208.49
2020-01-09 17:55:32,000466,food added,,33.22
2020-01-09 17:55:41,,weight checked,19.851,
2020-01-09 17:57:41,000467,food added,,143.85
2020-01-09 18:00:39,000468,food added,,27.21
2020-01-09 18:00:42,,weight checked,20.046,
2020-01-09 18:03:30,000469,food added,,253.93
2020-01-09 18:05:42,,weight checked,20.304,
2020-01-09 18:07:38,000470,food added,,129.47
2020-01-09 18:09:49,000471,food added,,151.44
2020-01-09 18:10:43,,weight checked,20.517,
2020-01-09 18:12:03,000472,food added,,129.43
2020-01-09 18:12:08,000473,food added,,77.34
2020-01-09 18:12:11,000474,food added,,155.74
2020-01-09 18:13:14,000475,food added,,101.69
2020-01-09 18:15:43,,weight checked,20.876,
2020-01-09 18:18:57,000476,food added,,58.13
2020-01-09 18:20:44,,weight checked,20.819,
2020-01-09 18:21:40,000477,food added,,36.34
2020-01-09 18:22:46,000478,food added,,434.95
2020-01-09 18:22:58,000479,food added,,37.33
2020-01-09 18:24:43,000480,food added,,100.87
2020-01-09 18:25:07,000481,food added,,35.55
2020-01-09 18:25:44,,weight checked,21.446,
2020-01-09 18:26:26,000482,food added,,32.78
2020-01-09 18:26:55,000483,food added,,28.80
2020-01-09 18:28:44,000484,food added,,350.46
2020-01-09 18:29:03,000485,food added,,301.98
2020-01-09 18:30:45,,weight checked,22.071,
2020-01-09 18:32:03,000486,food added,,50.54
2020-01-09 18:33:43,000487,food added,,28.29
2020-01-09 18:35:45,,weight checked,22.137,
2020-01-09 18:38:28,000488,food added,,25.78
2020-01-09 18:40:45,,weight checked,22.115,
2020-01-09 18:40:58,000489,food added,,43.67
2020-01-09 18:41:08,000490,food added,,60.81
2020-01-09 18:41:13,000491,food added,,71.01
2020-01-09 18:41:42,000492,food added,,172.61
2020-01-09 18:41:51,000493,food added,,161.61
2020-01-09 18:42:43,000494,food added,,43.94
2020-01-09 18:44:56,000495,food added,,197.82
2020-01-09 18:45:46,,weight checked,22.875,
2020-01-09 18:45:54,000496,food added,,86.12
2020-01-09 18:50:46,,weight checked,22.927,
2020-01-09 18:51:18,000497,food added,,131.98
2020-01-09 18:51:31,000498,food added,,102.19
2020-01-09 18:51:36,000499,food added,,25.14
2020-01-09 18:52:00,000500,food added,,29.50
2020-01-09 18:52:36,000501,food added,,136.29
2020-01-09 18:52:45,000502,food added,,64.92
2020-01-09 18:55:47,,weight checked,23.403,
2020-01-09 18:55:47,000503,food added,,42.38
2020-01-09 18:57:48,000504,food added,,110.21
2020-01-09 19:00:47,,weight checked,23.533,
2020-01-09 19:02:27,000505,food added,,138.97
2020-01-09 19:05:48,,weight checked,23.667,
2020-01-09 19:06:26,000506,food added,,259.31
2020-01-09 19:10:48,,weight checked,23.903,
2020-01-09 19:14:14,000507,food added,,87.51
2020-01-09 19:14:18,000508,food added,,44.83
2020-01-09 19:15:30,000509,food added,,24.25
2020-01-09 19:15:39,000510,food added,,35.10
2020-01-09 19:15:49,,weight checked,24.131,
2020-01-09 19:19:41,000511,food added,,113.58
2020-01-09 19:19:47,000512,food added,,167.61
2020-01-09 19:20:49,,weight checked,24.435,
2020-01-09 19:21:40,000513,food added,,77.97
2020-01-09 19:25:50,,weight checked,24.482,
2020-01-09 19:30:50,,weight checked,24.437,
2020-01-09 19:34:17,000514,food added,,89.72
2020-01-09 19:35:50,,weight checked,24.455,
2020-01-09 19:40:09,000515,food added,,301.75
2020-01-09 19:40:51,,weight checked,24.676,
2020-01-09 19:45:51,,weight checked,24.556,
2020-01-09 19:47:43,000516,food added,,41.58
2020-01-09 19:50:52,,weight checked,24.533,
2020-01-09 19:55:49,000517,food added,,73.67
2020-01-09 19:55:52,,weight checked,24.580,
2020-01-09 20:00:29,000518,bin removed,24.309,
2020-01-09 20:07:27,000519,scale reset,-0.000,
2020-01-09 20:07:27,,weight checked,0.000,
2020-01-09 20:07:27,,weight checked,-0.000,
2020-01-09 20:10:17,000520,food added,,39.72
2020-01-09 20:10:54,,weight checked,-0.045,
2020-01-09 20:11:07,000521,food added,,35.26
2020-01-09 20:11:11,000522,food added,,38.40
2020-01-09 20:15:54,,weight checked,-0.067,
2020-01-09 20:20:54,,weight checked,-0.084,
2020-01-09 20:25:55,,weight checked,-0.091,
2020-01-09 20:30:55,,weight checked,-0.101,
2020-01-09 20:35:56,,weight checked,-0.116,
2020-01-09 20:40:56,,weight checked,-0.125,
2020-01-09 20:45:57,,weight checked,-0.124,
2020-01-09 20:50:57,,weight checked,-0.133,
2020-01-09 20:55:58,,weight checked,-0.125,
2020-01-10 16:05:19,000523,scale reset,-0.003,
2020-01-10 16:10:17,,weight checked,-0.027,
2020-01-10 16:15:18,,weight checked,-0.025,
2020-01-10 16:20:18,,weight checked,-0.027,
2020-01-10 16:25:18,,weight checked,-0.024,
2020-01-10 16:28:23,000524,food added,,212.74
2020-01-10 16:30:19,,weight checked,0.145,
2020-01-10 16:35:19,,weight checked,0.141,
2020-01-10 16:40:20,,weight checked,0.142,
2020-01-10 16:45:20,,weight checked,0.140,
2020-01-10 16:50:21,,weight checked,0.143,
2020-01-10 16:55:21,,weight checked,0.141,
2020-01-10 17:00:22,,weight checked,0.133,
2020-01-10 17:05:22,,weight checked,0.122,
2020-01-10 17:08:07,000525,food added,,28.36
2020-01-10 17:10:22,,weight checked,0.145,
2020-01-10 17:11:19,000526,food added,,32.46
2020-01-10 17:11:26,000527,food added,,38.92
2020-01-10 17:15:23,,weight checked,0.230,
2020-01-10 17:20:23,,weight checked,0.229,
2020-01-10 17:22:15,000528,food added,,151.84
2020-01-10 17:23:15,000529,food added,,51.86
2020-01-10 17:23:56,000530,food added,,241.94
2020-01-10 17:25:09,000531,food added,,113.69
2020-01-10 17:25:24,,weight checked,0.713,
2020-01-10 17:28:58,000532,food added,,46.79
2020-01-10 17:30:24,,weight checked,0.767,
2020-01-10 17:30:50,000533,food added,,55.81
2020-01-10 17:33:11,000534,food added,,40.88
2020-01-10 17:34:05,000535,food added,,81.38
2020-01-10 17:34:38,000536,food added,,42.79
2020-01-10 17:35:25,,weight checked,0.955,
2020-01-10 17:38:05,000537,food added,,58.43
2020-01-10 17:38:59,000538,food added,,310.61
2020-01-10 17:40:25,,weight checked,1.271,
2020-01-10 17:42:43,000539,food added,,72.00
2020-01-10 17:45:28,,weight checked,1.351,
2020-01-10 17:45:28,000540,food added,,126.90
2020-01-10 17:47:32,000541,food added,,36.65
2020-01-10 17:48:12,000542,food added,,27.53
2020-01-10 17:48:15,000543,food added,,50.45
2020-01-10 17:50:26,,weight checked,1.525,
2020-01-10 17:50:41,000544,food added,,120.18
2020-01-10 17:50:50,000545,food added,,125.85
2020-01-10 17:50:56,000546,food added,,44.13
2020-01-10 17:55:27,,weight checked,1.812,
2020-01-10 17:58:55,000547,food added,,41.98
2020-01-10 18:00:27,,weight checked,1.915,
2020-01-10 18:01:06,000548,food added,,44.04
2020-01-10 18:05:28,,weight checked,1.944,
2020-01-10 18:08:22,000549,food added,,82.02
2020-01-10 18:10:28,,weight checked,2.002,
2020-01-10 18:10:55,000550,food added,,158.82
2020-01-10 18:11:05,000551,food added,,25.81
2020-01-10 18:11:09,000552,food added,,167.36
2020-01-10 18:15:28,,weight checked,2.354,
2020-01-10 18:15:34,000553,food added,,123.37
2020-01-10 18:20:29,,weight checked,2.475,
2020-01-10 18:22:04,000554,food added,,53.42
2020-01-10 18:24:35,000555,food added,,27.05
2020-01-10 18:25:29,,weight checked,2.559,
2020-01-10 18:28:45,000556,food added,,44.46
2020-01-10 18:30:30,,weight checked,2.613,
2020-01-10 18:33:56,000557,food added,,35.77
2020-01-10 18:35:30,,weight checked,2.664,
2020-01-10 18:36:24,000558,food added,,214.73
2020-01-10 18:40:31,,weight checked,2.874,
2020-01-10 18:44:23,000559,food added,,166.34
2020-01-10 18:45:31,,weight checked,3.019,
2020-01-10 18:49:32,000560,food added,,43.65
2020-01-10 18:50:32,,weight checked,3.056,
2020-01-10 18:51:56,000561,food added,,118.87
2020-01-10 18:54:20,000562,food added,,20.54
2020-01-10 18:55:20,000563,food added,,113.30
2020-01-10 18:55:32,,weight checked,3.307,
2020-01-10 19:00:32,,weight checked,3.315,
2020-01-10 19:04:04,000564,food added,,65.78
2020-01-10 19:04:09,000565,food added,,53.21
2020-01-10 19:04:13,000566,food added,,26.08
2020-01-10 19:05:33,,weight checked,3.426,
2020-01-10 19:09:32,000567,food added,,34.18
2020-01-10 19:10:33,,weight checked,3.496,
2020-01-10 19:11:06,000568,food added,,171.91
2020-01-10 19:15:34,,weight checked,3.641,
2020-01-10 19:20:34,,weight checked,3.633,
2020-01-10 19:25:26,000569,food added,,58.36
2020-01-10 19:25:35,,weight checked,3.673,
2020-01-10 19:25:46,000570,food added,,24.87
2020-01-10 19:25:51,000571,food added,,105.50
2020-01-10 19:26:57,000572,food added,,118.60
2020-01-10 19:27:24,000573,food added,,37.32
2020-01-10 19:30:35,,weight checked,3.976,
2020-01-10 19:35:36,,weight checked,3.950,
2020-01-10 19:40:36,,weight checked,3.946,
2020-01-10 19:45:21,000574,food added,,36.36
2020-01-10 19:45:26,000575,bin removed,18.258,
2020-01-10 19:49:57,000576,scale reset,0.002,
2020-01-10 19:49:57,,weight checked,0.002,
2020-01-10 19:50:37,,weight checked,-0.001,
2020-01-10 19:55:37,,weight checked,-0.001,
2020-01-10 20:00:38,,weight checked,-0.011,
2020-01-10 20:05:38,,weight checked,-0.009,
2020-01-10 20:10:39,,weight checked,-0.011,
2020-01-10 20:15:39,,weight checked,-0.012,
2020-01-10 20:20:40,,weight checked,-0.029,
2020-01-10 20:25:40,,weight checked,-0.044,
2020-01-10 20:30:41,,weight checked,-0.047,
2020-01-10 20:35:41,,weight checked,-0.050,
2020-01-10 20:40:41,,weight checked,-0.055,
2020-01-10 20:45:42,,weight checked,-0.061,
2020-01-10 20:50:42,,weight checked,-0.064,
2020-01-10 20:55:43,,weight checked,-0.072,
2020-01-11 06:01:32,,weight checked,-0.023,
2020-01-11 06:01:35,000577,scale reset,-0.001,
2020-01-11 06:06:32,,weight checked,0.018,
2020-01-11 06:06:39,000578,food added,,7894.53
2020-01-11 06:11:32,,weight checked,0.042,
2020-01-11 06:16:33,,weight checked,0.049,
2020-01-11 06:21:33,,weight checked,0.049,
2020-01-11 06:26:34,,weight checked,0.049,
2020-01-11 06:31:34,,weight checked,0.050,
2020-01-11 06:36:35,,weight checked,0.051,
2020-01-11 06:41:35,,weight checked,0.056,
2020-01-11 06:46:36,,weight checked,0.056,
2020-01-11 06:51:36,,weight checked,0.056,
2020-01-11 06:56:36,,weight checked,0.051,
2020-01-11 07:01:37,,weight checked,0.067,
2020-01-11 07:06:37,,weight checked,0.077,
2020-01-11 07:11:38,,weight checked,0.083,
2020-01-11 07:16:38,,weight checked,0.088,
2020-01-11 07:21:39,,weight checked,0.100,
2020-01-11 07:26:39,,weight checked,0.102,
2020-01-11 07:31:40,,weight checked,0.104,
2020-01-11 07:36:40,,weight checked,0.115,
2020-01-11 07:41:41,,weight checked,0.119,
2020-01-11 07:46:41,,weight checked,0.137,
2020-01-11 07:51:41,,weight checked,0.155,
2020-01-11 07:56:42,,weight checked,0.173,
2020-01-11 08:01:42,,weight checked,0.187,
2020-01-11 08:06:43,,weight checked,0.170,
2020-01-11 08:11:43,,weight checked,0.174,
2020-01-11 08:16:44,,weight checked,0.177,
2020-01-11 08:21:44,,weight checked,0.185,
2020-01-11 08:26:45,,weight checked,0.189,
2020-01-11 08:31:45,,weight checked,0.193,
2020-01-11 08:36:46,,weight checked,0.199,
2020-01-11 08:41:46,,weight checked,0.204,
2020-01-11 08:46:46,,weight checked,0.208,
2020-01-11 08:51:47,,weight checked,0.211,
2020-01-11 08:56:47,,weight checked,0.214,
2020-01-11 09:01:48,,weight checked,0.220,
2020-01-11 09:06:48,,weight checked,0.224,
2020-01-11 09:11:49,,weight checked,0.226,
2020-01-11 09:16:49,,weight checked,0.230,
2020-01-11 09:21:50,,weight checked,0.234,
2020-01-11 09:26:50,,weight checked,0.239,
2020-01-11 09:31:50,,weight checked,0.242,
2020-01-11 09:36:51,,weight checked,0.244,
2020-01-11 09:41:51,,weight checked,0.244,
2020-01-11 09:46:52,,weight checked,0.249,
2020-01-11 09:51:52,,weight checked,0.247,
2020-01-11 09:56:53,,weight checked,0.252,
2020-01-11 10:01:53,,weight checked,0.257,
2020-01-11 10:06:54,,weight checked,0.261,
2020-01-11 10:11:54,,weight checked,0.268,
2020-01-11 10:16:55,,weight checked,0.261,
2020-01-11 10:21:55,,weight checked,0.267,
2020-01-11 10:24:31,000579,food added,,69.09
2020-01-11 10:26:40,000580,food added,,70.34
2020-01-11 10:26:55,,weight checked,0.387,
2020-01-11 10:31:56,,weight checked,0.376,
2020-01-11 10:32:47,000581,food added,,26.86
2020-01-11 10:36:56,,weight checked,0.393,
2020-01-11 10:41:57,,weight checked,0.384,
2020-01-11 10:44:40,000582,food added,,182.93
2020-01-11 10:46:57,,weight checked,0.559,
2020-01-11 10:50:58,000583,food added,,201.44
2020-01-11 10:51:53,000584,food added,,71.76
2020-01-11 10:51:58,,weight checked,0.780,
2020-01-11 10:52:21,000585,food added,,43.67
2020-01-11 10:55:15,000586,food added,,138.17
2020-01-11 10:55:30,000587,food added,,34.43
2020-01-11 10:56:58,,weight checked,1.019,
2020-01-11 10:57:30,000588,food added,,155.08
2020-01-11 10:57:40,000589,food added,,127.42
2020-01-11 11:00:18,000590,food added,,94.31
2020-01-11 11:01:59,,weight checked,1.346,
2020-01-11 11:02:55,000591,food added,,36.88
2020-01-11 11:03:44,000592,food added,,81.27
2020-01-11 11:04:07,000593,food added,,88.47
2020-01-11 11:06:59,,weight checked,1.527,
2020-01-11 11:08:47,000594,food added,,192.45
2020-01-11 11:12:00,,weight checked,1.684,
2020-01-11 11:14:43,000595,food added,,39.90
2020-01-11 11:14:51,000596,food added,,103.81
2020-01-11 11:17:00,,weight checked,1.803,
2020-01-11 11:22:00,,weight checked,1.809,
2020-01-11 11:22:39,000597,food added,,54.66
2020-01-11 11:27:01,,weight checked,1.844,
2020-01-11 11:32:01,,weight checked,1.834,
2020-01-11 11:37:02,,weight checked,1.830,
2020-01-11 11:41:35,000598,food added,,122.82
2020-01-11 11:42:02,,weight checked,1.959,
2020-01-11 11:43:45,000599,food added,,126.70
2020-01-11 11:47:03,,weight checked,1.949,
2020-01-11 11:48:17,000600,food added,,138.84
2020-01-11 11:52:03,,weight checked,2.089,
2020-01-11 11:57:04,,weight checked,2.095,
2020-01-11 12:02:04,,weight checked,2.095,
2020-01-11 12:07:05,,weight checked,2.097,
2020-01-11 12:07:28,000601,food added,,73.41
2020-01-11 12:07:33,000602,food added,,63.22
2020-01-11 12:12:05,,weight checked,2.216,
2020-01-11 12:13:42,000603,food added,,293.30
2020-01-11 12:16:31,000604,food added,,74.76
2020-01-11 12:16:34,000605,food added,,129.76
2020-01-11 12:17:05,,weight checked,2.721,
2020-01-11 12:18:03,000606,food added,,71.40
2020-01-11 12:19:27,000607,food added,,71.28
2020-01-11 12:21:15,000608,food added,,105.62
2020-01-11 12:22:06,,weight checked,2.924,
2020-01-11 12:23:09,000609,food added,,57.96
2020-01-11 12:27:06,,weight checked,2.987,
2020-01-11 12:28:27,000610,food added,,354.31
2020-01-11 12:31:32,000611,food added,,52.00
2020-01-11 12:31:36,000612,food added,,69.31
2020-01-11 12:31:47,000613,food added,,114.97
2020-01-11 12:32:07,,weight checked,3.486,
2020-01-11 12:33:21,000614,food added,,39.15
2020-01-11 12:35:23,000615,food added,,67.48
2020-01-11 12:36:48,000616,food added,,34.06
2020-01-11 12:37:07,,weight checked,3.595,
2020-01-11 12:37:54,000617,food added,,102.93
2020-01-11 12:38:01,000618,food added,,172.42
2020-01-11 12:38:08,000619,food added,,59.81
2020-01-11 12:38:24,000620,food added,,382.72
2020-01-11 12:38:36,000621,food added,,81.32
2020-01-11 12:39:01,000622,food added,,86.89
2020-01-11 12:40:18,000623,food added,,94.12
2020-01-11 12:40:49,000624,food added,,58.33
2020-01-11 12:42:08,,weight checked,4.582,
2020-01-11 12:42:31,000625,food added,,141.47
2020-01-11 12:43:52,000626,food added,,24.94
2020-01-11 12:46:56,000627,food added,,92.62
2020-01-11 12:47:08,,weight checked,4.838,
2020-01-11 12:48:56,000628,food added,,70.42
2020-01-11 12:49:30,000629,food added,,30.10
2020-01-11 12:49:59,000630,food added,,47.05
2020-01-11 12:50:19,000631,food added,,37.88
2020-01-11 12:50:38,000632,food added,,165.91
2020-01-11 12:52:09,,weight checked,5.174,
2020-01-11 12:52:43,000633,food added,,47.25
2020-01-11 12:53:07,000634,food added,,52.66
2020-01-11 12:53:14,000635,food added,,27.53
2020-01-11 12:53:20,000636,food added,,110.28
2020-01-11 12:53:37,000637,food added,,162.44
2020-01-11 12:53:50,000638,food added,,54.59
2020-01-11 12:54:29,000639,food added,,53.94
2020-01-11 12:55:04,000640,food added,,70.43
2020-01-11 12:55:23,000641,food added,,251.97
2020-01-11 12:55:30,000642,food added,,94.23
2020-01-11 12:55:36,000643,food added,,95.99
2020-01-11 12:55:54,000644,food added,,52.56
2020-01-11 12:56:03,000645,food added,,59.50
2020-01-11 12:57:09,,weight checked,6.269,
2020-01-11 12:58:42,000646,food added,,154.14
2020-01-11 12:58:48,000647,food added,,172.00
2020-01-11 12:58:59,000648,food added,,175.13
2020-01-11 13:00:36,000649,food added,,122.56
2020-01-11 13:02:10,,weight checked,6.828,
2020-01-11 13:06:15,000650,food added,,69.54
2020-01-11 13:07:10,,weight checked,6.860,
2020-01-11 13:08:15,000651,food added,,41.39
2020-01-11 13:12:10,,weight checked,6.872,
2020-01-11 13:14:43,000652,bin removed,6.661,
2020-01-11 13:19:03,000653,scale reset,-0.002,
2020-01-11 13:19:03,,weight checked,-0.002,
2020-01-11 13:22:11,,weight checked,-0.093,
2020-01-11 13:27:12,,weight checked,-0.131,
2020-01-11 13:32:12,,weight checked,-0.129,
2020-01-11 13:37:13,,weight checked,-0.137,
2020-01-11 13:37:42,000654,food added,,657.48
2020-01-11 13:42:13,,weight checked,0.132,
2020-01-11 13:47:14,,weight checked,0.122,
2020-01-11 13:52:14,,weight checked,0.115,
2020-01-11 13:57:15,,weight checked,0.109,
2020-01-11 14:02:15,,weight checked,0.103,
2020-01-11 14:04:15,000655,food added,,68.84
2020-01-11 14:07:15,,weight checked,0.156,
2020-01-11 14:12:16,,weight checked,0.149,
2020-01-11 14:17:16,,weight checked,0.141,
2020-01-11 14:22:17,,weight checked,0.136,
2020-01-11 14:27:17,,weight checked,0.132,
2020-01-11 14:32:18,,weight checked,0.127,
2020-01-11 14:37:18,,weight checked,0.123,
2020-01-11 14:42:19,,weight checked,0.120,
2020-01-11 14:47:19,,weight checked,0.115,
2020-01-11 14:52:20,,weight checked,0.109,
2020-01-11 14:57:20,,weight checked,0.097,
2020-01-11 15:02:20,,weight checked,0.092,
2020-01-11 15:07:21,,weight checked,0.085,
2020-01-11 15:12:21,,weight checked,0.085,
2020-01-11 15:17:22,,weight checked,0.076,
2020-01-11 15:22:22,,weight checked,0.068,
2020-01-11 15:27:23,,weight checked,0.061,
2020-01-11 15:32:23,,weight checked,0.054,
2020-01-11 15:37:24,,weight checked,0.048,
2020-01-11 15:42:24,,weight checked,0.043,
2020-01-11 15:47:25,,weight checked,0.036,
2020-01-11 15:52:25,,weight checked,0.033,
2020-01-11 15:57:25,,weight checked,0.030,
2020-01-11 16:02:26,,weight checked,0.027,
2020-01-11 16:07:26,,weight checked,0.029,
2020-01-11 16:12:27,,weight checked,0.027,
2020-01-11 16:17:27,,weight checked,0.027,
2020-01-11 16:22:28,,weight checked,0.026,
2020-01-11 16:27:28,,weight checked,0.028,
2020-01-11 16:32:29,,weight checked,0.020,
2020-01-11 16:37:29,,weight checked,0.025,
2020-01-11 16:42:30,,weight checked,0.028,
2020-01-11 16:47:30,,weight checked,0.028,
2020-01-11 16:52:30,,weight checked,0.024,
2020-01-11 16:56:16,000656,food added,,75.76
2020-01-11 16:57:31,,weight checked,0.102,
2020-01-11 17:02:31,,weight checked,0.100,
2020-01-11 17:06:08,000657,food added,,25.08
2020-01-11 17:07:32,,weight checked,0.131,
2020-01-11 17:12:15,000658,food added,,196.20
2020-01-11 17:12:32,,weight checked,0.310,
2020-01-11 17:15:07,000659,food added,,44.44
2020-01-11 17:17:33,,weight checked,0.370,
2020-01-11 17:18:35,000660,food added,,134.58
2020-01-11 17:18:43,000661,food added,,42.04
2020-01-11 17:20:45,000662,food added,,118.64
2020-01-11 17:22:33,,weight checked,0.640,
2020-01-11 17:23:26,000663,food added,,25.23
2020-01-11 17:26:35,000664,food added,,35.00
2020-01-11 17:27:34,,weight checked,0.707,
2020-01-11 17:31:56,000665,food added,,25.93
2020-01-11 17:32:34,,weight checked,0.761,
2020-01-11 17:35:31,000666,food added,,268.33
2020-01-11 17:36:35,000667,food added,,46.83
2020-01-11 17:37:35,,weight checked,1.093,
2020-01-11 17:38:14,000668,food added,,104.51
2020-01-11 17:38:42,000669,food added,,77.91
2020-01-11 17:40:17,000670,food added,,45.12
2020-01-11 17:42:35,,weight checked,1.401,
2020-01-11 17:42:35,000671,food added,,100.60
2020-01-11 17:45:26,000672,food added,,47.82
2020-01-11 17:47:07,000673,food added,,30.80
2020-01-11 17:47:13,000674,food added,,64.44
2020-01-11 17:47:23,000675,food added,,42.13
2020-01-11 17:47:31,000676,food added,,31.84
2020-01-11 17:47:35,,weight checked,1.623,
2020-01-11 17:52:36,,weight checked,1.636,
2020-01-11 17:52:58,000677,food added,,51.78
2020-01-11 17:53:49,000678,food added,,26.23
2020-01-11 17:54:59,000679,food added,,25.65
2020-01-11 17:57:36,,weight checked,1.732,
2020-01-11 17:59:48,000680,food added,,96.26
2020-01-11 18:00:49,000681,food added,,83.48
2020-01-11 18:02:37,,weight checked,1.868,
2020-01-11 18:06:03,000682,food added,,32.25
2020-01-11 18:07:37,,weight checked,1.882,
2020-01-11 18:12:38,,weight checked,1.892,
2020-01-11 18:12:42,000683,food added,,598.64
2020-01-11 18:17:38,,weight checked,2.383,
2020-01-11 18:21:32,000684,food added,,118.08
2020-01-11 18:22:39,,weight checked,2.517,
2020-01-11 18:27:39,,weight checked,2.518,
2020-01-11 18:29:10,000685,food added,,26.31
2020-01-11 18:32:23,000686,bin removed,2.439,
2020-01-11 18:35:16,000687,scale reset,0.006,
2020-01-11 18:35:16,,weight checked,0.006,
2020-01-11 18:35:54,000688,food added,,25.90
2020-01-11 18:37:40,,weight checked,-0.052,
2020-01-11 18:42:40,,weight checked,-0.085,
2020-01-11 18:47:41,,weight checked,-0.094,
2020-01-11 18:52:41,,weight checked,-0.099,
2020-01-11 18:57:42,,weight checked,-0.108,
2020-01-11 19:02:42,,weight checked,-0.115,
2020-01-11 19:07:43,,weight checked,-0.116,
2020-01-11 19:12:43,,weight checked,-0.121,
2020-01-11 19:17:44,,weight checked,-0.128,
2020-01-11 19:22:44,,weight checked,-0.136,
2020-01-11 19:27:45,,weight checked,-0.144,
2020-01-11 19:32:45,,weight checked,-0.147,
2020-01-11 19:37:45,,weight checked,-0.157,
2020-01-11 19:42:46,,weight checked,-0.155,
2020-01-11 19:47:46,,weight checked,-0.168,
2020-01-11 19:52:47,,weight checked,-0.173,
2020-01-11 19:57:47,,weight checked,-0.180,
2020-01-11 20:02:48,,weight checked,-0.184,
2020-01-11 20:07:48,,weight checked,-0.189,
2020-01-11 20:12:49,,weight checked,-0.193,
2020-01-11 20:17:49,,weight checked,-0.197,
2020-01-11 20:22:50,,weight checked,-0.200,
2020-01-11 20:27:50,,weight checked,-0.207,
2020-01-11 20:32:50,,weight checked,-0.211,
2020-01-11 20:37:51,,weight checked,-0.215,
2020-01-11 20:42:51,,weight checked,-0.217,
2020-01-11 20:47:52,,weight checked,-0.222,
2020-01-11 20:52:52,,weight checked,-0.228,
2020-01-11 20:57:53,,weight checked,-0.233,
2020-01-12 06:03:42,,weight checked,-0.328,
2020-01-12 06:03:46,000689,scale reset,-0.002,
2020-01-12 06:08:42,,weight checked,0.022,
2020-01-12 06:13:43,,weight checked,0.031,
2020-01-12 06:18:43,,weight checked,0.033,
2020-01-12 06:23:44,,weight checked,0.030,
2020-01-12 06:28:44,,weight checked,0.031,
2020-01-12 06:33:45,,weight checked,0.029,
2020-01-12 06:38:45,,weight checked,0.038,
2020-01-12 06:43:45,,weight checked,0.049,
2020-01-12 06:48:46,,weight checked,0.057,
2020-01-12 06:53:46,,weight checked,0.074,
2020-01-12 06:58:47,,weight checked,0.092,
2020-01-12 07:03:47,,weight checked,0.140,
2020-01-12 07:08:48,,weight checked,0.171,
2020-01-12 07:13:48,,weight checked,0.207,
2020-01-12 07:18:49,,weight checked,0.228,
2020-01-12 07:23:49,,weight checked,0.247,
2020-01-12 07:28:50,,weight checked,0.268,
2020-01-12 07:33:50,,weight checked,0.285,
2020-01-12 07:38:50,,weight checked,0.301,
2020-01-12 07:43:51,,weight checked,0.312,
2020-01-12 07:48:51,,weight checked,0.328,
2020-01-12 07:53:52,,weight checked,0.342,
2020-01-12 07:58:52,,weight checked,0.352,
2020-01-12 08:03:53,,weight checked,0.364,
2020-01-12 08:08:53,,weight checked,0.375,
2020-01-12 08:13:54,,weight checked,0.386,
2020-01-12 08:18:54,,weight checked,0.390,
2020-01-12 08:23:54,,weight checked,0.396,
2020-01-12 08:28:55,,weight checked,0.400,
2020-01-12 08:33:55,,weight checked,0.403,
2020-01-12 08:37:30,000690,food added,,68.23
2020-01-12 08:38:56,,weight checked,0.465,
2020-01-12 08:43:26,000691,food added,,61.87
2020-01-12 08:43:39,000692,food added,,182.21
2020-01-12 08:43:56,,weight checked,0.700,
2020-01-12 08:44:15,000693,food added,,69.66
2020-01-12 08:44:27,000694,food added,,79.25
2020-01-12 08:48:57,,weight checked,0.848,
2020-01-12 08:53:57,,weight checked,0.871,
2020-01-12 08:58:58,,weight checked,0.892,
2020-01-12 09:02:26,000695,food added,,62.58
2020-01-12 09:03:58,,weight checked,0.970,
2020-01-12 09:05:28,000696,food added,,32.94
2020-01-12 09:08:59,,weight checked,1.044,
2020-01-12 09:13:59,,weight checked,1.073,
2020-01-12 09:16:28,000697,food added,,61.55
2020-01-12 09:18:59,,weight checked,1.153,
2020-01-12 09:21:26,000698,food added,,58.29
2020-01-12 09:24:00,,weight checked,1.225,
2020-01-12 09:27:52,000699,food added,,48.36
2020-01-12 09:29:00,,weight checked,1.282,
2020-01-12 09:34:01,,weight checked,1.302,
2020-01-12 09:39:01,,weight checked,1.311,
2020-01-12 09:44:02,,weight checked,1.317,
2020-01-12 09:49:02,,weight checked,1.324,
2020-01-12 09:54:03,,weight checked,1.325,
2020-01-12 09:59:03,,weight checked,1.330,
2020-01-12 10:04:04,,weight checked,1.329,
2020-01-12 10:09:04,,weight checked,1.334,
2020-01-12 10:14:05,,weight checked,1.338,
2020-01-12 10:19:05,,weight checked,1.337,
2020-01-12 10:24:05,,weight checked,1.342,
2020-01-12 10:29:06,,weight checked,1.347,
2020-01-12 10:34:06,,weight checked,1.348,
2020-01-12 10:39:07,,weight checked,1.350,
2020-01-12 10:44:07,,weight checked,1.352,
2020-01-12 10:49:08,,weight checked,1.354,
2020-01-12 10:54:08,,weight checked,1.355,
2020-01-12 10:59:09,,weight checked,1.354,
2020-01-12 11:04:09,,weight checked,1.364,
2020-01-12 11:09:09,,weight checked,1.362,
2020-01-12 11:14:10,,weight checked,1.368,
2020-01-12 11:18:42,000700,food added,,83.31
2020-01-12 11:19:10,,weight checked,1.448,
2020-01-12 11:23:49,000701,food added,,82.95
2020-01-12 11:24:11,,weight checked,1.552,
2020-01-12 11:29:11,,weight checked,1.564,
2020-01-12 11:30:52,000702,food added,,53.70
2020-01-12 11:31:24,000703,food added,,20.34
2020-01-12 11:34:12,,weight checked,1.635,
2020-01-12 11:39:12,,weight checked,1.639,
2020-01-12 11:44:13,,weight checked,1.640,
2020-01-12 11:46:05,000704,food added,,141.59
2020-01-12 11:49:13,,weight checked,1.777,
2020-01-12 11:54:11,000705,food added,,43.54
2020-01-12 11:54:14,,weight checked,1.829,
2020-01-12 11:55:22,000706,food added,,56.82
2020-01-12 11:55:52,000707,food added,,75.00
2020-01-12 11:56:08,000708,food added,,193.57
2020-01-12 11:57:09,000709,food added,,31.44
2020-01-12 11:57:14,000710,food added,,128.16
2020-01-12 11:59:13,000711,food added,,64.52
2020-01-12 11:59:15,,weight checked,2.350,
2020-01-12 12:00:35,000712,food added,,27.69
2020-01-12 12:01:12,000713,food added,,116.32
2020-01-12 12:01:17,000714,food added,,58.80
2020-01-12 12:01:54,000715,food added,,169.76
2020-01-12 12:03:03,000716,food added,,84.80
2020-01-12 12:04:14,,weight checked,2.755,
2020-01-12 12:04:47,000717,food added,,81.70
2020-01-12 12:04:59,000718,food added,,80.59
2020-01-12 12:05:02,000719,food added,,33.08
2020-01-12 12:05:44,000720,food added,,157.61
2020-01-12 12:05:49,000721,food added,,35.42
2020-01-12 12:08:38,000722,food added,,109.16
2020-01-12 12:09:15,,weight checked,3.195,
2020-01-12 12:10:51,000723,food added,,41.44
2020-01-12 12:11:02,000724,food added,,44.61
2020-01-12 12:13:14,000725,food added,,33.40
2020-01-12 12:13:16,000726,food added,,226.38
2020-01-12 12:14:15,,weight checked,3.466,
2020-01-12 12:16:15,000727,food added,,60.73
2020-01-12 12:17:00,000728,food added,,131.70
2020-01-12 12:17:35,000729,food added,,22.99
2020-01-12 12:18:31,000730,food added,,110.67
2020-01-12 12:19:04,000731,food added,,103.01
2020-01-12 12:19:16,,weight checked,3.854,
2020-01-12 12:20:38,000732,food added,,90.69
2020-01-12 12:24:02,000733,food added,,139.72
2020-01-12 12:24:16,,weight checked,4.056,
2020-01-12 12:25:07,000734,food added,,359.72
2020-01-12 12:25:20,000735,food added,,111.29
2020-01-12 12:25:38,000736,food added,,118.68
2020-01-12 12:25:50,000737,food added,,37.18
2020-01-12 12:25:53,000738,food added,,76.60
2020-01-12 12:26:02,000739,food added,,59.47
2020-01-12 12:26:51,000740,food added,,43.23
2020-01-12 12:27:52,000741,food added,,76.65
2020-01-12 12:29:17,,weight checked,4.895,
2020-01-12 12:29:57,000742,food added,,65.01
2020-01-12 12:30:04,000743,food added,,27.31
2020-01-12 12:31:16,000744,food added,,93.07
2020-01-12 12:34:17,,weight checked,5.032,
2020-01-12 12:35:07,000745,food added,,35.01
2020-01-12 12:35:13,000746,food added,,27.78
2020-01-12 12:39:18,,weight checked,5.076,
2020-01-12 12:40:08,000747,food added,,77.78
2020-01-12 12:42:29,000748,food added,,95.32
2020-01-12 12:44:18,,weight checked,5.228,
2020-01-12 12:48:53,000749,food added,,34.81
2020-01-12 12:49:19,,weight checked,5.260,
2020-01-12 12:51:16,000750,food added,,81.26
2020-01-12 12:54:19,,weight checked,5.331,
2020-01-12 12:54:24,000751,food added,,37.24
2020-01-12 12:54:55,000752,food added,,65.08
2020-01-12 12:56:24,000753,food added,,113.89
2020-01-12 12:59:20,,weight checked,5.580,
2020-01-12 12:59:49,000754,food added,,21.53
2020-01-12 12:59:57,000755,food added,,437.81
2020-01-12 13:04:20,,weight checked,6.018,
2020-01-12 13:04:26,000756,food added,,93.53
2020-01-12 13:06:46,000757,food added,,52.92
2020-01-12 13:09:20,,weight checked,6.122,
2020-01-12 13:14:21,,weight checked,6.123,
2020-01-12 13:17:39,000758,food added,,86.03
2020-01-12 13:17:50,000759,food added,,50.75
2020-01-12 13:19:21,,weight checked,6.251,
2020-01-12 13:24:22,,weight checked,6.253,
2020-01-12 13:29:22,,weight checked,6.254,
2020-01-12 13:34:23,,weight checked,6.255,
2020-01-12 13:39:23,,weight checked,6.258,
2020-01-12 13:44:24,,weight checked,6.264,
2020-01-12 13:49:24,,weight checked,6.268,
2020-01-12 13:54:25,,weight checked,6.277,
2020-01-12 13:59:25,,weight checked,6.286,
2020-01-12 14:04:25,,weight checked,6.294,
2020-01-12 14:09:26,,weight checked,6.296,
2020-01-12 14:14:26,,weight checked,6.298,
2020-01-12 14:19:27,,weight checked,6.306,
2020-01-12 14:24:27,,weight checked,6.315,
2020-01-12 14:29:28,,weight checked,6.321,
2020-01-12 14:34:28,,weight checked,6.333,
2020-01-12 14:39:29,,weight checked,6.342,
2020-01-12 14:44:29,,weight checked,6.347,
2020-01-12 14:49:29,,weight checked,6.357,
2020-01-12 14:54:30,,weight checked,6.362,
2020-01-12 14:59:30,,weight checked,6.377,
2020-01-12 15:04:31,,weight checked,6.389,
2020-01-12 15:09:31,,weight checked,6.399,
2020-01-12 15:14:32,,weight checked,6.401,
2020-01-12 15:19:32,,weight checked,6.400,
2020-01-12 15:24:33,,weight checked,6.403,
2020-01-12 15:29:33,,weight checked,6.403,
2020-01-12 15:34:34,,weight checked,6.398,
2020-01-12 15:39:34,,weight checked,6.395,
2020-01-12 15:44:35,,weight checked,6.394,
2020-01-12 15:49:35,,weight checked,6.387,
2020-01-12 15:54:35,,weight checked,6.382,
2020-01-12 15:59:36,,weight checked,6.382,
2020-01-12 16:04:36,,weight checked,6.378,
2020-01-12 16:09:37,,weight checked,6.379,
2020-01-12 16:14:37,,weight checked,6.376,
2020-01-12 16:19:38,,weight checked,6.378,
2020-01-12 16:24:38,,weight checked,6.377,
2020-01-12 16:29:39,,weight checked,6.373,
2020-01-12 16:34:39,,weight checked,6.366,
2020-01-12 16:39:40,,weight checked,6.363,
2020-01-12 16:44:40,,weight checked,6.370,
2020-01-12 16:47:44,000760,food added,,137.00
2020-01-12 16:47:54,000761,food added,,185.68
2020-01-12 16:48:42,000762,food added,,53.71
2020-01-12 16:49:23,000763,food added,,71.97
2020-01-12 16:49:40,,weight checked,6.858,
2020-01-12 16:51:19,000764,food added,,304.35
2020-01-12 16:54:41,,weight checked,7.133,
2020-01-12 16:59:41,,weight checked,7.081,
2020-01-12 17:04:42,,weight checked,7.045,
2020-01-12 17:09:42,,weight checked,7.019,
2020-01-12 17:14:43,,weight checked,7.005,
2020-01-12 17:16:41,000765,food added,,109.09
2020-01-12 17:18:56,000766,food added,,24.16
2020-01-12 17:19:43,,weight checked,7.112,
2020-01-12 17:22:11,000767,food added,,142.45
2020-01-12 17:24:44,,weight checked,7.231,
2020-01-12 17:25:27,000768,food added,,125.57
2020-01-12 17:26:12,000769,food added,,162.71
2020-01-12 17:27:41,000770,food added,,28.64
2020-01-12 17:27:58,000771,food added,,105.03
2020-01-12 17:29:44,,weight checked,7.702,
2020-01-12 17:31:14,000772,food added,,93.92
2020-01-12 17:34:45,,weight checked,7.822,
2020-01-12 17:37:10,000773,food added,,126.24
2020-01-12 17:39:27,000774,food added,,39.99
2020-01-12 17:39:33,000775,food added,,131.49
2020-01-12 17:39:45,,weight checked,8.137,
2020-01-12 17:41:08,000776,food added,,20.62
2020-01-12 17:42:46,000777,food added,,75.17
2020-01-12 17:44:45,,weight checked,8.272,
2020-01-12 17:46:07,000778,food added,,97.08
2020-01-12 17:46:17,000779,food added,,76.75
2020-01-12 17:46:36,000780,food added,,20.85
2020-01-12 17:46:38,000781,food added,,73.56
2020-01-12 17:46:45,000782,food added,,72.64
2020-01-12 17:46:48,000783,food added,,28.66
2020-01-12 17:49:46,,weight checked,8.620,
2020-01-12 17:51:40,000784,food added,,46.27
2020-01-12 17:53:07,000785,food added,,92.86
2020-01-12 17:54:46,,weight checked,8.788,
2020-01-12 17:58:26,000786,food added,,23.17
2020-01-12 17:59:47,,weight checked,8.819,
2020-01-12 18:01:24,000787,food added,,144.72
2020-01-12 18:01:36,000788,food added,,91.51
2020-01-12 18:01:49,000789,food added,,265.99
2020-01-12 18:03:27,000790,food added,,64.52
2020-01-12 18:04:47,,weight checked,9.349,
2020-01-12 18:07:44,000791,food added,,54.22
2020-01-12 18:09:48,,weight checked,9.387,
2020-01-12 18:11:51,000792,food added,,223.47
2020-01-12 18:13:57,000793,food added,,321.76
2020-01-12 18:14:48,,weight checked,9.898,
2020-01-12 18:16:31,000794,food added,,65.84
2020-01-12 18:16:36,000795,food added,,140.23
2020-01-12 18:16:47,000796,food added,,95.46
2020-01-12 18:18:50,000797,food added,,64.58
2020-01-12 18:19:49,,weight checked,10.216,
2020-01-12 18:24:49,,weight checked,10.188,
2020-01-12 18:29:50,,weight checked,10.172,
2020-01-12 18:34:50,,weight checked,10.161,
2020-01-12 18:37:38,000798,bin removed,9.902,
2020-01-12 18:42:16,000799,scale reset,0.002,
2020-01-12 18:42:16,,weight checked,0.002,
2020-01-12 18:44:51,,weight checked,-0.008,
2020-01-12 18:49:51,,weight checked,0.021,
2020-01-12 18:54:52,,weight checked,0.046,
2020-01-12 18:57:33,000800,food added,,484.99
2020-01-12 18:58:35,000801,food added,,1282.62
2020-01-12 18:58:38,000802,bin removed,0,
2020-01-12 18:59:25,000803,scale reset,-0.000,
2020-01-12 18:59:52,,weight checked,-0.005,
2020-01-12 19:04:53,,weight checked,-0.019,
2020-01-12 19:09:53,,weight checked,-0.028,
2020-01-12 19:14:54,,weight checked,-0.037,
2020-01-12 19:19:54,,weight checked,-0.079,
2020-01-12 19:24:55,,weight checked,-0.091,
2020-01-12 19:29:55,,weight checked,-0.097,
2020-01-12 19:34:55,,weight checked,-0.104,
2020-01-12 19:39:56,,weight checked,-0.112,
2020-01-12 19:44:56,,weight checked,-0.118,
